height,blk_hash,txs,timestamp
0,418015bb9ae982a1975da7d79277c2705727a56894ba0fb246adaabb1f4632e3,['c88ce9783b4f11190d7b9c17a69c1c52200f9faaee8e98dd07e6811175177139'],1970-01-01 00:00:00
1,771fbcd656ec1464d3a02ead5e18644030007a0fc664c0a964d30922821a8148,['52578a3816ec18ca6db2ec4f594b7c8a778caa4c52d2c1705bcbab9798a9ea7b'],2014-04-18 10:49:53
2,e2914694b698fb417eebaebad3fed4d13e8f670119c95c6e3fa83c1d45311520,['f059b321c5c84f781563080f2ea5958788e16236ca65512e6d81e6e171c93d08'],2014-04-18 10:49:53
3,0d2f8154aa60b4fe57424fca00218cdefee14a073b7aeaac67c9cb11f83aca30,['137f89df8d750cb160bccf2708a1bc9234ae5514bf926ec6b963448ec0af6b9d'],2014-04-18 10:49:53
4,cce590fc0548e2ccfe8268ed72332f316cb016cb4ee47b4ccabe82685c145867,['e1ae426d0314523dd5a7e4f5a5b75eaabfa9f36f66db08cfa5e49f7297e6e689'],2014-04-18 10:50:01
5,68a271cac6ab97ccdf5fdf5e93cf36efff9686dd179763f45c9b0febabfda99a,['d2506ef459b950a565ca540ba5316dbbf35f8cb004be5090c84d43ba9b71cc02'],2014-04-18 10:50:25
6,b034aac165043048c694c8b31e30460fb4526773fc885fdec95719e932ecdb98,['6522a08378b5fef0c53bcc219e7f340af46c00314da8582c1edf8d8df403e390'],2014-04-18 10:54:44
7,ad8b535430d1ec69c860bce1920d8b7a7c6a8640e065d36eef8ac71fbdb895a6,['c5c37bf6a69f7f0d5a595d1f24e5aa38eacd466a698936376360c21d92148c77'],2014-04-18 10:54:50
8,909d85f395e1c49d3712a59fe97f81b2e25e8c8dc20e58de0946216af2d7c2ba,['6b4ec775633537b31aa66c6d1d00d177d9bf5173b465f7a63bee9198cfecca1e'],2014-04-18 10:56:15
9,0481b0b5f018333caffa62b67253ea32481fcd692be6a375ab2c84eb967ae63e,['2415afd19f9b98d3e9c456afd6733c287dffc2923ddf619d39eaf80ede3828a4'],2014-04-18 10:56:51
10,c0e3b387e47042f72d8ccdca88071ff96bff1ac7cde09ae113dbb7ad3fe92381,['f98b0bba24043df1579f6afbdf3e367d2371fcbb8545154026a31b5cea50ad13'],2014-04-18 10:58:03
11,41c4a88d8cb62c921073ed5c91298fbe90b6cbe814f1af5d75bd68bcc173c0e2,['80b4e9cd0be84506be0eb7298e723ecd869bee2ed7ba7cdf4cea55f5009b4ff8'],2014-04-18 10:58:32
12,8274e616e52c758820fae20ff8ab444bf0e3fb8f6aab2aebfee9a0f003a4dc52,['fde30fb8d712bbc6b4c7e7e32b856e473d05a301b96093e4608265f9c0a8a115'],2014-04-18 10:59:07
13,30ef262f5631cef4df5eb87d2b7d6a32360a5a7288ed7bc2be6a45f8f26f79e7,['76a16139756236e929526b819865178ee9818030bb81aa45c1468b5b025afaec'],2014-04-18 10:59:31
14,bb672bd06bab22affeb0d945409ade4cf46cbcba3cbed6840ebaecefec8ad315,['d1a94b3d415251712b259ea177fd93011cc238a09c749fd7182369e3f27ff697'],2014-04-18 11:01:20
15,7b65452386032cab1de39adee611235e7e82a81b08e22ca715066a32fc0f964a,['e3a799da24d9f41aac231ba2efb853ae649283feaf5e1ba46b5fc2c194414c5d'],2014-04-18 11:01:44
16,ad9f944b2adda329c7b8983807143524e530c9cbbe35653530c5a602f2fd67da,['f688352362c8c2ccd5a11e4b9aed80608c292db95d60aa7998c73a48f78be2a0'],2014-04-18 11:02:20
17,cec52326e21fb62bc2106669ee7488a61c1752f3872877f464f6332d77219c07,['ddbb85169d501f1ecd3e58a4d4478d650f925b7a024cde3a7269b004c81bf690'],2014-04-18 11:02:09
18,64c6f5a1b9ba198cbb83bb2b3f6eb5492bce59489d451ead0eba0fad65f0c7f4,['8aba36f3ebae32004bfeaf0a8f001680ef4c84ad77d600e91d1996358e9f4ead'],2014-04-18 11:01:47
19,1deba70dfaa28c60b4c19cc75d2484984bf0c61678122888aca6cda5c5db10bf,['97e9f4e3531fbcb2ed55c084907948440494d23708a9cddb6608071d06250f1b'],2014-04-18 11:04:14
20,f28d6bb56f7243fc63dd745e0df9faf4a41c3797d7e8fda14b0b70558d81ac41,['3597c42018bde215c6e7835409457be1b6fe960a1509f65b1f79f927ea457020'],2014-04-18 11:03:45
21,5194d5a55e38620920a3a98f369f773cc87ea1b8d557a63591c9cf33af059772,['d8b8294a613954b95d024f1625f610dbd9b7cbf121e48c4e5d53a59275358933'],2014-04-18 11:04:01
22,6ba02542885d92b25e12d206a0ce41a7488c5b06d864c2fe313e7437f250feec,['0265b30e47cba5f148973d9fa3bd4284e8498b8b0cbd609eaae29fbc109e868f'],2014-04-18 11:04:39
23,3691792831d13d29225d0e1b6427c03ee5b331e10578831474c2593380d570ac,['6a7499f21e73b8beed1306f2046c89e6e8174a53073a7dc85397db7ed5f4b9a5'],2014-04-18 11:08:32
24,ec15d4a61569db75c8efb66e7b726c6b5565a165d487c3a711021bbb112c9452,['0669a69704b85d851242de1f956d9baa4e7e44c8c7a41eec686277b56b3975db'],2014-04-18 11:11:02
25,aadf6078f06c20da07550f0d5097aa6ef031853cba30f347bd4742899b7168de,['4b08c0eae2ac2eb0b65479f500fd62ad93b9f905b70fdf1eefd2a82aa746c771'],2014-04-18 11:11:56
26,70729f54bf695675d36ba1ddee7a98d60e9db9923ad4910fd9fd1741f9b8b345,['6784b9468b56441c9896c3db7db653ef518eb030daa11506afa7644f92ac2f46'],2014-04-18 11:12:44
27,d8cb6be727a7ab9f88cf6c8a109ca385f785b593e26938667c1ee24371282edb,['afd5f802fadf2873b4d6d3c12e5717ec492316c0a05afeba297ac8993080ea0d'],2014-04-18 11:12:57
28,05e4131df63c995582110c5fe2c1b0021b5d99b25122e7c48a195eb6a45a04d3,['65c8fc20c0c497dbbae41b181a119d18ba394f80f26b115967e972540f593901'],2014-04-18 11:12:58
29,966dced9d96215f12981c35e01b7a22179173dd39b97d7b771057ea0a3c6461e,['ff1a329f5b30f984c10513f0ee1d303b91f4520d62702533b5940fffc7f7fdc6'],2014-04-18 11:13:09
30,61e1292082417a1271f5f8a375e701f812839c90ef65b2f341db6746e46d4e20,['4a051d2a34edf497b2c06958d200ad9eef579c5d2cd1a95377138ad8e4da2e5c'],2014-04-18 11:13:57
31,1935f1959da691de7d56663d172697c394ee99d5b4fbd98e01b31b51f822da96,['2eb80cfb9747a270bab0e8edbe76b35813f9dd9627a06b6f834b6cfa5b541834'],2014-04-18 11:14:20
32,81273974c3f5623060485ca4d656d93db9adb6d418e8c06eb261e781756ad693,['a841d47b50cb51c0c6fb94287081c3ed6b859dc0514b379eef9a9bbb86e625d8'],2014-04-18 11:14:44
33,9dee3b0b318c7ef735d8bb905147d65e71a207cd52e63dcb03a0b1a8472a241b,['f1e7b783b038f25e09421c1e76ce1b700856d12c99a695c69e692371b9650af9'],2014-04-18 11:16:27
34,8eeeb79f457e7971b762d7d9aa0bfa23c1e7ba5505269c5085bb58ee80f04ea7,['f6831c98392f89f1735732b90a803b444c28f86636a6d17fd9b760f4811426b3'],2014-04-18 11:16:35
35,e404229e1a82094ec74dcce12aafce47cc13e2c872af1eab8ed149ba01c705a4,['02a8e9c210d8028776ade764931a0fcb60e88679c04100bccf4cb029caccb9d7'],2014-04-18 11:17:27
36,4700ae9a02213790ca21be16fd8c9b82a627bf8fa1ad6170e9392c0f9710db3f,['1490efc16318e3bd22b6a7d6344dfe6bfd35077e3a93f8140ec6c05ea8d9facd'],2014-04-18 11:17:16
37,b40b474f4025ffa60eaf8bb68bd73ce3973350d46bd534f2d0574b447a54d3be,['48fe69458b18d7558a848ec54f2b5b8b3c920ad438e5eb40803324acd1f4ea5d'],2014-04-18 11:18:45
38,de8da66abae9b832425fed78c67484aa4982658c906340114a4abe8497a50d7e,['291aa433b2a1d5cb2a355f0c4015e4f8bcd2851ee512e61f307491d8d14aafcd'],2014-04-18 11:19:03
39,78228fb121ffba1eb18831c53429d25e263d88c9b58d535d45497a0d6c0ceb97,['25609c0b04785643835c7cb3180ad778e524cc322e392a5006b6571e2e716450'],2014-04-18 11:19:33
40,3c1d0f172b8c76aad1ff4106d99700f47012a74954824e863aa754dbf3d594b5,['35428226fc4b7bffe0efff60f63bcc10fd1081563634f260079939438c0ea7ac'],2014-04-18 11:20:15
41,c529375d534bc6be7197b88ec23a13a86f3c61477ae4bc4b145d968a2ba58910,['490036903df134e072c0978dd47b219a44a028b80a5c98ebbbb61e7c904b644a'],2014-04-18 11:20:22
42,89e2e052f0eff0904396a625d9e55c622c8d52fe2bd0b16776a15ba3eb617532,['7854f3fa8bfec4cc4d546c76795a86dd765f81dcfc10dd7b01152692edffb14e'],2014-04-18 11:22:03
43,368d7a232ff8f69e0fbecb98c74eb876740b7c33e653e2d6bd81556532adba7b,['85f87056ad214f9790a144940a4f7cf97828396969fd4100112bf4816e920020'],2014-04-18 11:22:09
44,c32601b208d9f0601cfee9310e47c13971b3f74145e69e9258159f3d06f2426a,['9aff2bc981c126d00323b8664a2af0c61f125b5e5f317cd26f2da53d5a8b1f9c'],2014-04-18 11:22:39
45,8431831ce0604676dffdd1c632f783890ed75e2c53eafe5f9e74a23437dcafc1,['0d61e9e53068e71218ccf3887a988ac3eb1f84b744c5e36948f2542fb99af3b6'],2014-04-18 11:23:51
46,3229f7cd9e19ac8edfb9d9039d0ffbdb496f9e5caa9ba8049b808d5cf8190daa,['a7babf74dcc48b7e664dba1bff3a5c64f0e76137e58eb2046c98f888580f8a37'],2014-04-18 11:24:15
47,3e3477c0f3f18707e1fa3bb04017b5b57803efb1e19395e167315cfb819e9181,['8a246ec63e12c60884fd9a9e4de3a2861c220f18821fe4bdfa72b70447f51b2b'],2014-04-18 11:24:34
48,3640d0620a5d3d41d81644f4627b117483f73366b9edd2ecd709119cc7104150,['87c3ed6ec44b3372927f907f1269fb96dc431ae0c81643c477bdad7f3a6dba58'],2014-04-18 11:25:34
49,89eb3937ff5bd308cd3909ab0cec97beb5ba6a676a24237485483f5da9853c1c,['32072e630fccb8f2e3692198ce8d7827491cf0d3d9153873b70270c1db3a54df'],2014-04-18 11:26:09
50,28fe5a82a8bc865a329a3272cf087bd23783724ba19c042317c45a9d87b82719,['8fbe2d161c0e5789e1952ec35680b2cfc48bec02925807926871e66130686cce'],2014-04-18 11:26:03
51,256ea50844e51d5e4cff8a948f1c464d0be066c9b10fec7d08489d2c52b5c2d3,['3d62ca5082602abaadc06d4b15790067ec7412cfdc523979c10af77a66055265'],2014-04-18 11:26:22
52,ade55b47d4a0f35afe25ba9cc134dad19e05d157964d5b4e074b92b6d71aa7c8,['314bf4c16185dda178ecefb97f19284d13d83b9d4daff94c95c18dffbbf72f95'],2014-04-18 11:26:39
53,bae419b55f1fe3e616eed16f35dfa92e0715c327c78c54865cea8461591cd841,['acc961556c7f59b52693cd2da632706339c6295681258c3c015ed0ffc3c81d97'],2014-04-18 11:27:09
54,193495f1db1b0f2096d82f8135ac063988e6cccfc9c2bdffc5d50a54ce948fcc,['2977e360d6862363fe867a83f4fbf54b08b82ea4886271ea39817d7b71646239'],2014-04-18 11:27:33
55,6fc75abbd2f8abaee49502ab8aa0077a25430b71f47d9a8df546398df08f402a,['6a26f2539ee0a72f5ad4029dd27f4c4717de5d4e1d933ea5fc463735ff9b1b5f'],2014-04-18 11:29:04
56,619067f04b7f89ea9e7af4038633b5ceb0a06e7b31b53f84a38e2c4e5706c67e,['462781c2f639fb50b103b83832ed6626ba7ba5c7153e86962360b1714d60ef17'],2014-04-18 11:29:51
57,4f4906e9aee4c49337bc369c5a48efcc7c57cf360d4bbbdcb7f6b977c037894f,['fdd7e06eb3a78001df005602297cc512f8a2aca7fa62f4045c8d5367e4f1b086'],2014-04-18 11:30:47
58,3d8b2e405a0237ed98514abbd1c9403e444cd2438244b729eb1c083203498dda,['8430bc7b07a6f8b9d43ec443ea48d53e376208326e718328cc1d436656041a8a'],2014-04-18 11:32:59
59,a1de26e3986d37974256fceb4aa4afd3178c2dc6abfd648f026228cf467001f6,['ce8583f76699ba1e4f056997658245363825dfde7faf69458a132ea3638a66df'],2014-04-18 11:36:52
60,f96524d55d946419d496b672de6e105823e3d59990ecafdc4508084bfeb53b73,['83407093c48458a217ca5fe64f1e48c860b4d10f0761fc4357fa2d6e7575ac72'],2014-04-18 11:36:58
61,ab20726485006b3834b39fee857966193404c19f47e7d12f3bd1fb9a1a51fadc,['0754103d6db541092575fe0d1d06e0ef112c656a1abbe2e120702c62397c5852'],2014-04-18 11:36:47
62,c4334d835d311d7abe54fb4d15436463162435b1274af7029fb7228940e4912b,['133a3fa32e18d2d2f911f750031d432432ca7d00c6db9a6920db974edb20f6f3'],2014-04-18 11:36:58
63,c86577857dae8f354232a238c4e628dfa0231c2ea922ad79c0cd6aff3849e1cc,['d13c82b8f567f7163fffceb1ce77dce28c83f8614d48279b099ed7508bca4fda'],2014-04-18 11:37:00
64,e14ebfef143275023f21b9bcbc32401f950ea5659d5146962605222db1569385,['937c3184c76b1c31df3648253047bcad0b118419408f6485a5d38c8f931d8548'],2014-04-18 11:39:41
65,245216629410fe4e21605802f04706e185e92ce0c9a811587f3c3d9b48bb1321,['78d8d5f285b1a100f98dc8cb35e3dd7cb26f2ccf3c9f680ed61c80ae3efed42c'],2014-04-18 11:40:38
66,cb9afca4d6b3b54d139bfa3626071b36420a4db1e7d172e41170313d988d0609,['54a7d047368b80df2ff5de8a87257b5d9301c569fe9a6a2388c9a5adafaad579'],2014-04-18 11:41:59
67,284a407ed5e6525601534536b251b114b58eb31358a414c3bbe04d5ee16a562a,['b9e32a57154bfc8bf7886e78ef151329315e8ebbeea6347ec9b737658ae629c1'],2014-04-18 11:42:52
68,28861e3f7636461b5ba6c5b16a1f4bdc28d6348ae813d94be331508d4ea51bf5,['13d6898e4a145a75b766d91ea203b29bce520cc9e6ed2861311aa4ce2d41081e'],2014-04-18 11:42:43
69,e9c8befed2cbeffcee1f43da4f55dd06053023d5216f2896e9b1f14650b834a2,['531da81dd55d8be58050c09eba44774bc65318c035a1c3118caf664ae3f41f0e'],2014-04-18 11:43:10
70,059eefb5bd166a946b71b8775262ac33722c43c6e32880695f45de628813dc9a,['a79431f228c3336b0be1d80748d3f3e8114d98064b31bc083222ca7fafaf641b'],2014-04-18 11:43:30
71,b9530d4e63b5c5530b8db8fb97e3b7c97f901ef1929da43a415651eb6b96371a,['38badc2a8265bedcef215b2aef63e1514f11c24634aed607ed136771dadcc032'],2014-04-18 11:43:58
72,9b9c4ffac477cc00ce138e8979d97f33e9b060af614b31d162a144d82f977a9d,['66f0ffc8e815137dec663ffccdf7aaa3ce66401bbaa6a0260a1fc6669b371b7a'],2014-04-18 11:44:06
73,4929bc2edf8059feafe15a2e213d64d12d0fedf51b427bd11f9b092cc5cbda51,['372be5462f5965d41738d9ca056618dd78caf413ee5b102a5adf991f75f4f515'],2014-04-18 11:44:01
74,9cc13c8041d72dd03a42c82c9b4f153e048e0009b8fa4bb891e8bf535cc7f118,['06aadbf9281d2795d2b1b1d4f1d385b46cdd5c4fdae8e986d476cd886c84aea7'],2014-04-18 11:44:23
75,5d3bcb2bccb49bddc2d292a20fae9a7fe8d00e102b6eb90cf01852bc50414ca5,['e505f46834955a16d5a6610e01af78b1a33967fd9e8d2801aec31f49a7ddced6'],2014-04-18 11:44:47
76,a7303122d99207f1d273d1c38081b1b93651cb33d0292ba236835d4ea533bac5,['b0e7acecbbec958d1742976fb2a1ab8a9151595d38a17b1b2c6365f4363b40f0'],2014-04-18 11:45:41
77,acfbe35134843031a2aaf8dd86dff4b141f2a41349b23f2917f0cbc7da5dedb3,['9af5cc5c772e2b7625e80737cac618fe90020379f9505e59b3921c34a172c36c'],2014-04-18 11:45:23
78,b928d12c5ea385130b335b8636e24e52373f9f92f18b6c9f5ef925a159cb9f7a,['3011382c08fecb46892eccc5887af9a0bec8760535062f1a2be6f78226037edd'],2014-04-18 11:46:11
79,8aca4ec26041d01c73cab56e235e7b72563fb8b9eec8f2cec5d6587924b5788d,['e2c44a311e6193b9cf790cf4ff6cf4e895ced90b3d0ab79a124a695dc1eaebe9'],2014-04-18 11:46:53
80,2b2d7936a1d24610e8f2223e5505a275c0b1cf2e211c59f47a602d179896e13c,['0e3bb260ff112412a272eefa21811f640312fc5104a2e7088a018d4839ca22db'],2014-04-18 11:46:51
81,6f96894464afd45574a7ff3b46b020a52b17d7da2979cf359aa2b7e6f7b29f07,['e49fb6f96d1de6fcb4102ee7120929aae70764dce140df715d2a77d6060101f9'],2014-04-18 11:47:41
82,ddf99a91e42e6c1ded1fa771ca4e9fcb947f5f3003e00a7bf16ea1980f097ead,['25cbbf2b5a264033d774a2c709ab0b7a664a46c9a0ecabb9c1500100f92843b3'],2014-04-18 11:48:15
83,3b6c275c5a4c5bfb6c4da657752ed7e93ee8373923328510473761849f026a9b,['f11346c90be1630e5f89fbe701be903f2ced5b69730ea3c19cefa558a133ef77'],2014-04-18 11:48:23
84,cd040b543ebd91f7628dd067f8110698895261aa718fe88ff858a96f7ff2abb5,['6cfd914eaec37b1b913239da01d5f3580e781084e6de255db33c2ddb29750e7c'],2014-04-18 11:50:11
85,02db7a28fed889942eb76ff6e405a1533138904ef6266ffc6aa98e8b49a39ebb,['9a3503de3702ae6c354dbb36452cc05de69d6eb7d6e2bbc8860d91e6c89affb9'],2014-04-18 11:50:36
86,cde1311e5a8e78685c8c0b8b5d709b167c28f5dfff268d66af2f4aabcdb0573a,['6359a200a2a53132688a86b10bb066a4a343f734709f7706cc1db99a9094f637'],2014-04-18 11:51:23
87,d1f00d92ee7837c4e4f9930b80a091de9ac3476802ef97f22cc9376e7a4bc488,['8792baa8c832d6b526903f39fa84db1be489a8e5262af9eb98c5529d43a297b4'],2014-04-18 11:52:05
88,196b053d2b25befa5c6d1a3948a57a52f1db2f047b61b4acbe6180702b238359,['fe15e91893f22653edd4c3e1ca908cdddbf939c6a3ebba50870f63ccac4b98fc'],2014-04-18 11:52:12
89,71d540e0193732aaf2c8aac48359f18fbc200aaf77beb09330d3b2585b92fb2c,['2e47bc0ebb606f7feb5491e52037a27f480cf186d6f3ae201db17baae03f9b89'],2014-04-18 11:53:06
90,3041583a214c9d126f44667f31b8952e7a5c01bb8ce82337fd829c9f60f42a00,['c909d34348a19c34412f0722d377085d660dae0423d3df61c02ae633b8b284e0'],2014-04-18 11:54:35
91,8a41b8f962407e0d0d2807504ec40c7ee2de8414c87c00e0b91c441b76a59f14,['c6da3f36277a528d433ab583033172443c159e2898f801cb40dfc36c0acd5af6'],2014-04-18 11:54:30
92,5308b99fca7a777aca03aa2d13ea0b152ab438d6c6e4838ef2b68e263ab6ddfd,['e0bb69f4b300cc7614c8297481c2048be84b7ec471508b37125e7020fc4deb60'],2014-04-18 11:54:33
93,5fbf7e0f570ebbc3a072b93e48f80dcab3e3efaeb97ce816675e6e0eb4f68f6c,['714eed845db26dc34e65f741cd99042dff997c2345b688852b5de15c02000228'],2014-04-18 11:55:14
94,ba259d2cfd0bff40eca3bb2049fe989e01c54c3edb90763c553545de1d0d57a0,['c8ac69a0fb84ac3ff5ae4ad6245402d621d43339f5f95fd16e6ad1836d9503e9'],2014-04-18 11:57:55
95,bebe8c8304899167494343a532ab94a6d4ca9ea57a8a419b451ffa3c8812921d,['a4fc4d5c240d02f7827c2bd6fcaa4d2cad3d55cc8d519f19fdaca33f563305fc'],2014-04-18 11:58:26
96,5682a96019df081e94e636a7da7c08a337e160f9150b835e6924a4a193bb810a,['dd177bb62a3d8425a7d38d262e5a82793b493253d003a7c025e5432664055c8e'],2014-04-18 12:01:37
97,5b05d7bf478a19bd7e5514f59688faaae5891da1a38db12ceb631e94f41a8f9f,['12ec6900e447a711aad9d7d07f89ff2f1d3775909e807bc57aa0aae3dc061516'],2014-04-18 12:02:08
98,b8af07b8fc30c88f40edfcd8e56367f1ca87c826c7ca36bbefb8fbbf92e9eb9a,['dc14184d71ef1bf098b8ad9d874429553d988a63f8e7ae84bf79c0e7b1b8066c'],2014-04-18 12:02:42
99,739dbaccd72255e068d98a74640d21ae376f6c5c30b84c907d45e230ed3a4588,['46b3ba3c04869f6e581a0339b1676a0f5d64e6d0b1dcde002b742e9833b01b59'],2014-04-18 12:03:34
100,ac3e11ca545e57c49fca2b4e8c48c03c23be047c43e471e1394528b1f9f80b2d,['5cea03624b460925725756f3c87dba7038ed7d1788be6b425a1e26c61b39da1a'],2014-04-18 12:05:26
101,d90711fd7795424792017151fc4cca2f9aef0a8ce1e34fe18aafc5c2a617c165,['7644c521710d3e38df70bfc4acc4b5292f911db23dfe21a60fd8a2919b53e28c'],2014-04-18 12:05:17
102,43ed7a2169785e0ef4e78aade34a9cdf34c9282baa71791b9d5c873688a98a2d,['230e860c3300fb309e97caab5d12f4f88238a6a67cdbce587aa54487d38ce68a'],2014-04-18 12:06:54
103,1bf2bd662eae8f0571b58d7ef5a368fe7391ee87077cf2f7bf208f145742ea0f,['f06698f760d65ddd005c71bac8ae8786c805a59637fa14a4fdea3759f0a6fbe8'],2014-04-18 12:06:51
104,350868137c9251a5314cf9a169effbebd7258b3d4688c41a46240b998ef260ae,['295015085c6fbb57fc80e6192423dbcadbe201f1f8ca2ca0184edab290300ebb'],2014-04-18 12:08:27
105,80b55b7a324300fd83cbe26e195608f6ce94beddec6591da8ef5a9f0365b0d60,['da2876fa770bbd27ed3337d60b419bf89969e5cdeda4e2448e10242df7e89ae4'],2014-04-18 12:08:45
106,7b46fe8f450bec6fbe2a7a16dac8e0ac569d33a5764e2e8f83e1bf11d6130ca3,['a21e5240ce34962baef0eaa0704b96e73eaaac0e430bef6cf70baaf18ce9ce77'],2014-04-18 12:09:39
107,fcccf59a072a0cb34b61da29f0a8a5cadb26ccc5841773dd381bef265670abe0,['b0be2d1a0d5bb02925e81d5f40ee6b93f79116ddd1a9b6a6a8fe649ca94f0f6b'],2014-04-18 12:10:02
108,36e94bf4d8da4227dd4b9f61bac028e4b8d0087049e7890adeb074fdf525faba,['a38aa3981403ab1e275c3c665156a33814fafa3a1bb02c946163e3b5e02500b5'],2014-04-18 12:10:19
109,3b8818b2b6023cd2d532c6774e164a8fcacd603651cb3ea0cb7f9340b28ec016,['bccfd57fb430f964bba068ef057bc9e1171cc85eefb8bc7788e8296f7db20422'],2014-04-18 12:11:19
110,7d3113f562eac36f14afa08c22ae20bbbf8cffa31a4466d24850732cb96f80e9,"['7f7bf73e2da48f16f17b2d5c81fe9e581e5a7ac6ed552da3015660baeda9f698', 'beb76a82ea17400cd6d7f595f70e1667d2018ed8f5a78d1ce07484222618c3cd']",2014-04-18 12:13:09
111,9becf46fb4676d7eb219be432804150807da9ecbaf8a1aa0f94956a83c1c983a,['5b37cef76e3ac226ce437509d2da1d7fbf6841b8b31f72ef4bb2101a3b757c05'],2014-04-18 12:13:45
113,1ea1cdfaef1e5543ac21359524cc9bdf2d845152d74e6312455cfeff506b6c99,['1ad04c3db2cd89c23741e6ce5b334b6bee21ccdac64a9321532b5aa403992782'],2014-04-18 12:16:02
114,2f6a847f31ea69526983777650d00cf3863ebc32eab52b0b5aad1836f1fe39c7,['387bb31060a96dca6e22fa1a4e24823267fc8e14165bf16d9286ef52b5a88972'],2014-04-18 12:16:02
115,8d6102c23208baa60a58a01350d5c11632895aea5a6cbe63f3fd8dbd40dc41cd,['1ba855ca320f71abc52f59184c292cefdbe57ae37bb5c5250c2359937210d750'],2014-04-18 12:16:38
116,cf0043c46fb79be44b8a458a6f598f6e62e8c88b3668a4223b54b92262507520,['34cd38586b1287474f471b519d6159941f81893ec9456bec9e673b21071f85ad'],2014-04-18 12:16:49
117,66381e226f91aee0c4cb180e25e99917d8033acde6d26e4b5f57d6d1e58c7bc0,['6c8ee235e81f51d3651222f7354f3e73ec0a2edc7af8e88a26641c842f90e9ca'],2014-04-18 12:17:09
118,78a6432a1a19a8f32de00d2c791ea5c409116ae22b41145d724a71fb8ccfddea,['a690f0d8dedc531d5b561146533254a0a09d8def9c409f7ebdc45f0e1f478904'],2014-04-18 12:18:00
119,105bdef136f295885ba9a4a882b4d49ae25f021499e87f589e265ece6091ea8c,['3d37559d1b98ac9836715368a12fb7ede3443631a78f2a0d088a4bb0fab0f360'],2014-04-18 12:17:46
120,a2847c07553a102d2a3fb551176c9b69c4881018776110ae0c2bbaff6c40a193,['76f5c5e94f3f8528bb0887916742a682bb95a9b2b5f18b5f424aa47f7f13e56f'],2014-04-18 12:18:14
