tx_hash,block,cb_tx,input_KIs,output_pubkeys
c88ce9783b4f11190d7b9c17a69c1c52200f9faaee8e98dd07e6811175177139,0,True,[],['9b2e4c0281c0b02e7c53291a94d1d0cbff8883f8024f5142ee494ffbbd088071']
52578a3816ec18ca6db2ec4f594b7c8a778caa4c52d2c1705bcbab9798a9ea7b,1,True,[],"['5f391ad90e8b64ef432a0a28d0d9d699189b9c1322248ddbdb699c101a3cd9c3', '33b81ac838467f7c59079e80517be1a45de51248a9bd841bf783e0aca7b2d5e2', '3dc61a8cab11504ef1a36c51affeb7eed222cd09c98bf5045e489c23b409c9bc', '2caa4a9af327b36df136599a104278cf44342b0732bb5ad8c4c3582531add94b', 'f9edf7d361176a29d1ce53e890e6ebc1e721d9719d273b69f1eb15d96025c634', '2e5ba472765cb2297f51f1a47aaf5f358cf48e16593c25bfc1880578014a65ed', '1b82a36cde1c9a6103d99ea6ebfb9f82b2547cef8934d8e87cf5e20c098ede9c', 'b37974cac8678446a230fb3e1b0ec06d56666bf0bf43dd64ff096a01f5aa2fda', 'a0c492751cb53389c9228f68b1ec1be831fb774a285f06c4ee02053858486e82']"
f059b321c5c84f781563080f2ea5958788e16236ca65512e6d81e6e171c93d08,2,True,[],"['4ec98e3bae29a6538d6a8d6b16222665a8d2118284f69b7534b78d9665896391', 'b67af7974504e00e86a5646540c4873954960a6f56aeffd4393293ead0944293', '198d585f9e9021cf7be46cba09a1e42f54939deb00e90de17c7b5e8c6ee807c1', 'bc9cc8e5b99dad3be46919f9be8a20e7e17c70dd846104d7c78dc121cf885413', '6bbace83db497d7a4660989c63a3a234235dd7e5f3621001c15017248130e362', 'e79662e7d2cbae5ef9704c67c70a25d76bb483345212db02a40864466bed1819', 'dc9ce2746f4b558c8c41bacfb32b6a1619eb063a00dd143c23cd0ad5f6e237b2', 'de00acad5a0df1c52ef51637cb89ae1c991c877acf6152252529009d6e51adbc', '3edb0ca6714c5cde267ada54d157d51795209d13ef1bc5ad59704bffbcad5ce3']"
137f89df8d750cb160bccf2708a1bc9234ae5514bf926ec6b963448ec0af6b9d,3,True,[],"['9c0988ea47eafe15303fe7b37e8f4e15a51273681ecaf2b678745d5161d875a3', '1b1c293db480f77f6cfa676bc648cbc9dc41c8721fd2c9a16829d5efd75b884a', 'e17ecb617676a95153fa9dd5fcfdb8bb94bb9eb494025c2575633318c9ad6dbb', '109215edd47b2a7994315a3079a03c72ec5a8ab20df0cc5e7a44b6143d85cbc9', '9537e0e736baa6c8c9890e73a2d01e0194f627ae51619c138729441fa046d6f0', 'de5f602b8c1da008da4692d017b1955e5cd41655d13e037e8e40cc61edecbca5', '1ef910e155d7216724158f1a6cce3ce9f0e25216b7c0f064328dde2fbabd63e4', '74450959e6dcce686e7fdb8e319cfca01360a93be70eb91ab6b870384366ba1e', 'bca1c2f25f636a8fa5ce5a9fc7c10e5a29aa9ee5d9c42ada34a1a3fc3ec95bc1']"
e1ae426d0314523dd5a7e4f5a5b75eaabfa9f36f66db08cfa5e49f7297e6e689,4,True,[],"['1fe20e888080807567c5c7f5c039bf4249bb91f375b8c412104c0cef1e08c327', '8a505e390851cbc367e71e7035c7301070c3518227e2ac9057bc45250a1e7040', '4e47949561ffdf8c31b6bad102dff4781454732afdadc7a1d448caad26889892', '4250290613cec7d2e20959d9569c49bc3cc8aaecea0bd6dd80a5ce102b42c7b9', '77122acc5b8594bbb34636b7fbb6c9ea7b34472435bf7f47daa1b8a335ad92a7', 'f5a778f087a2533206b286e9dc65f1c982273fc0e4abf75c2cb284d9fdeac88a', '16ad3b8fde2812024f1965ee4c67f82a92b00f870343a6877f435bd7101435aa', '4d3464c2d5f69e6f034a934db1afa17ab24b1b413df3700014a714d7bfa5ba94', '5f620988484b28b6dbfd5f8c5ed98b0d3c8933dcf6da29df65f718ca4cd12899']"
d2506ef459b950a565ca540ba5316dbbf35f8cb004be5090c84d43ba9b71cc02,5,True,[],"['d0c454b68501f0fe499f3a27f2f2678a85c59a7986fd375982b02b427dcbc971', 'a15ea1c6b968bddde35a6654d34c065d5603cd51313ab20fb5ba3b46cdfce4af', 'b2f6e972af235d063e39926e3c4e373b270bc61239900b22a1a0c5941446e5e4', '300849c032debc25ed2e67e29989e2fbe031c2bb3d335ae93462e8086db741d2', '4669c0f525afc81c9d41ff87e8577eaac3a353d5a149a1b2967b1e53753c738e', '2b683f34abb9c54abed7292a3606c5f39ed3542811c5608aa4d3bdc7805ca51f', '73eb6c7af88b4ae907680a842fa811adaaac2e13ae653afdcf2bd28e64172b7d', 'd53485d57ab005a409b3ed7d853a8308d53bbe72298b9504654b6efc58de276e']"
6522a08378b5fef0c53bcc219e7f340af46c00314da8582c1edf8d8df403e390,6,True,[],"['a48377c2e34ea5ca662578b41724f93adf605a4c7540d974eda1596ecb0d77a4', '88d46fcfe3a0b2dbc1fbfdc0f471befba1e35892fa22f0d3207a6bc3e5c0180f', '1595e9e2b7a34403e9d91118411347d87fdf5519a4554cb2bbe3260947f7e223', '03e5fcc1dc18964d02c9d70d9e5194a274195f096338b37e483c6b0f43d0314d', 'cbfda952f8653e0a285497c6b8e136bfebdbefd9d5a6ef5dd628e071562cd0cf', '834dbbadd864eafac32d795010564fe6e88fec029f20d6c91654f191c2995e73', '1b6367f72a1cdbc7a21aa37e0ab2155529e404c2efaadd72ca7702e42bc96640', 'c255305e9eb8bf9c9f4f90663d75ed9319756c457cba52dfebfbbce8c0f6dff9']"
c5c37bf6a69f7f0d5a595d1f24e5aa38eacd466a698936376360c21d92148c77,7,True,[],"['1c287f174eceacc12c97ad505047b82063c25dbe2354162838daadb975aaae3f', '1baf5b733d5804cc1a51033772fd4da7b752dd59859fb704afc3c0e6bf42a656', '0b7bc7cfa12d0344544b885723001ef16ab8e196b5c6b92c284559fc9bb1488e', '250a0818d4447aad10f500507423993792ed6dbe3fcba66ee00506574cea307b', '6702a5971df677d74c9ed13fa17e9936a7ad4f4b280588bd231bba85d837a2b8', '20b7c97979dc8a73ebf2440b6c5f18e703ba702ced58536dfba3dafdf0dc493f', '1e4f2708aa04f52d4607d98ba18bf0f87b5045ff74df71f45649975093d19a12', '4851de8623e494a294035639ccfec6868e615133d2b8f25251c8831b0c8da651']"
6b4ec775633537b31aa66c6d1d00d177d9bf5173b465f7a63bee9198cfecca1e,8,True,[],"['b9270c2951d34383b2b3987c02fd124c647b79a1af262bf4f0cac9d982710dce', '9d698b8e1372e5384d8347a6ddd174c80df514bf6b1bb57825749d4bdeeb097d', '44c4495e8d78e346a07e89f6807c309ffe9242a274a4043696ff1f5146aac0b0', 'a094fa5ef329ef226d65fa42f186dd6195f76901854cef525cfec7879f6c9ce9', 'decc7d16b58cf54e30523083730bbed895b88b47bff0d8fe334dedbf305c12c0', 'b09bbbcd9044306eff6e7018fa7e2de1214d914febf71b75b5ec6c0d7b5919bd', '66917f7b8b6dd2e34b1a64564dcb0963d05267d504cd88bd060cf11c6bc3036d', '2d73895e3f47585b7ddeed6ba1b864b72a86300dc652c62877335d85c94da3a0']"
2415afd19f9b98d3e9c456afd6733c287dffc2923ddf619d39eaf80ede3828a4,9,True,[],"['273c622bc3b7b7ed95e8e7eb7a94e59b29fd89eb078319cbb34411b3690ee1fb', 'c56432f217501caf3b0dea776806fa52647090cb52fae7bddcf3360390bec078', 'eb0871610b1f111abe1b9543b4250808b4c64787fbe7b7a8226b76929041d092', 'eeac47958f76b7765ee193db325f4d08aee149b3a29e4e674dde13c1f77c07b6', '862ef6fdddbb1b36214aba12a33475084de9c121d18c19cf1ae459b457032ff3', '4eb145f6757aeeedcb269bbe5825b1da3871caeca9c3e67695a75414c7d1fe4b', '15ece9d416990c7c08be67c851a11d62087e491cbe9b85bc1993a72657d30dba', '827d7fea018c4baf6a4015681a3d43435ed4979bff54530eb3a8462159bb5102']"
f98b0bba24043df1579f6afbdf3e367d2371fcbb8545154026a31b5cea50ad13,10,True,[],"['6807ccbe9c1b8f91b380cbe31455129868e30043868f295d90ff919ccae6057f', '6348f96bee1a9d6f62b1d198a638028053c23d346608e44d6ab22754ca56fd6b', 'd43bfff360595408155cb903b47ec61db4d2515bdb6f43590935401b57c428e0', '5deb3e9bb553213d430160439e32dd5e3ef476d93c83b7af3cb1584830e58cc5', '222d30f940a85e07b72a8a31a00624bf79536d2dfeceae68a25bbe0123a1b966', '23bf7c20727f845bfc00fddc1a2189fae3b3f6bdd00d31762afd9243923e412c', '1ceac07bf80835fdaffab2ee24241b58ea5f4d61d701fee65f67852f3014a541', '5d1ad93e2a6eae4848cd62df3371815e8879b767a18fc74a214851c70fc54181']"
80b4e9cd0be84506be0eb7298e723ecd869bee2ed7ba7cdf4cea55f5009b4ff8,11,True,[],"['d0b7aea764e7f093c9b8b56da86ee838e736ff9bf2f5dcde1db890d85e22bcfd', '44acd7f174394ab2dddb22f30550a5c4df93ddc894a60849cec418b1cf19ca22', '92ac1b44a2dfc123658a73fb7c9b49123d79bcdd41bf24e991b0ca4a12bdec8f', '0359df27d707b3be0d3d319c6b7ff691cac91e6bca8aec9ef7cebc1dad752aea', 'be58f27910d48079e4d8e0a1c7970a37c15aec76e3e69f2139bca9e291ba7317', 'd18c0bf20e924937fea275328b82341ad9bd29275e3daa0df01c6d5e07612c38', '5b257bc4bb64655770ee4b906e452d64e61473c00f106179762d42427df4d449']"
fde30fb8d712bbc6b4c7e7e32b856e473d05a301b96093e4608265f9c0a8a115,12,True,[],"['47d18d893a3ec9fff8e933922f8f42bf5bae030f183e251bcd81c966315baf7a', '449bda936d4cb9ddfe875b94696f7ad828948e0bb90ac86e2c253f5feecd3569', '9c719581b0473052a25dc48719c7d4f766d96ee51eb073abc10ceae7ca05ca77', '65c2718875e0aa9002816f428f53e7c325fa5fbd944ec3bb946c1262e7546981', '93e43a7b91fe6ef97d8fcc075e5d9120e7b3a6aadfb76e101bc931640ad45f55', '5f5ae2e5d7f2a157922b871036faac37021e434f08ac7711eb0d3c33576adae5', '71e9eff1ffd57989fe594044125b98160274d6541cc4da8d0b2199f8f9886ec6', 'd98524a451ae935c0a5ad30cd2dbc08063b9bebe07dea3b55b5c5b6e57c807e1', 'd5840730ea54db2800a26671c71446c13cae5172ffd574b750d268d54ade5a08']"
76a16139756236e929526b819865178ee9818030bb81aa45c1468b5b025afaec,13,True,[],"['241cda28fd614164b89634f9665132c76a54b38ad0ab12ab6b85b06bcd372c8e', '0a0c3c5cbb4ed3e43c312cf92efc1088715bf21c1b29dbcdfbddcb83dc5f9fd0', '8fa97570433ed4b920263a65e899a2e08397fa4eaf113a246ec4230952ce8ec6', '3b5573d797d027f819abaf01e2e8a2a47a41bb673b8ba3992af5ed20e9f9bb7c', 'eea7bddcfee47ab1c8f6500092ac9874e6cbfb85c512ac8397a7996bd04c2f06', 'c2c32aa984279183bd4be8c621532e86a91ed0d47cae38ee5afddbf45d56bdb6', '473ec155d20cbf908c594091b2db6466bc4adf2824e55a891e9ebaddb175fae1', '07ecf6713043b6ea58d50931f93f2776213c3341589f4a173c6f924f4e6e9247', '560a5a8b0a04be540f826c7ac36de5162b59b3ad4c080fdd2b9b5a4e6698995e']"
d1a94b3d415251712b259ea177fd93011cc238a09c749fd7182369e3f27ff697,14,True,[],"['481c7d871566fe9183d8571e3dae90e962a635a850a6f4b7c9f9118965da86cc', '79963db8494715f8b3d720b99aedf69bef4a8ca5f7dba708435f55ef60acf699', 'ff5be7a940b2a72808faaec6ad59f090b2166302aaed1fd9507b5fe4fa8a9ea1', 'cf2e8bdc4940c5d28b726c48675f84bae9dd718ab268237daa3aa628da770503', '65aeb0c3cb78632fdde56d9945c3161c4eb0334db2b2c8ca69c434808a2452f1', '3917598a85787675fe691e043cc753a3408c750009d8011ce70c1bc96ffab243', '72efca456f03478602ee562351110a921df208e82518200a68f8dc0c145393e9', '0e1779d1a8433238c41ad893dfe37193b30e7a162e248fbf3d7c29cf4de2a68b', '63b0b77bbf9d28538637c9ca03edbfa5f1136fbd613e41a658383a429c4af393']"
e3a799da24d9f41aac231ba2efb853ae649283feaf5e1ba46b5fc2c194414c5d,15,True,[],"['a3ef0df2a51b14891676b39f18d6c0b8c52bfc3f6ba5f63f792e993f73b900df', '204e4d5992876b76cc8a30760c8fd82dbaf948cb2d858278a08f4d8db326682a', '7a2328c2d86a1f84335010d183d0eef067195da4a57169ac9d1c8c1f84ec74a5', '3c6411e620104487402583db89dd15245448092f339a30a4982e076c7ba0a757', '861696af6e92cea973fa217f3b4df3e8c43a2a1cb888b515e23d2d5d3d41ba68', 'd3087348abe2dffa189c79f82e032f14cbd12cfd6ece0a5192ec235a4cf2c96e', 'feb619b90856473e906295252cc9a87abbb7f5db409579d3169be5ee23b35ab6', '75cd0dbe02a00558669ef424c2d5f8cbefc8c4af711f1afde0404628c401b135', 'b1bb2e13bf7c1d88885b7ebf2be56e5064af24d69f3c92d9264550122eed1a0b']"
f688352362c8c2ccd5a11e4b9aed80608c292db95d60aa7998c73a48f78be2a0,16,True,[],"['f61fcc83e7b4f5e7c9160ce0cff76ea7970143d171f846bbfe4ba05f36fa16f0', 'a31b0e38232a2ff9a9bf496ce831d9da3665fb6e7dc2c73531feddc76d2eeaad', '4feeda0b07b5d460eb5daee7cabc87dbd1b069f0cbd1ea6606e4f850a9e278aa', '9038dbdfe5b66fd8736a97bc289cd94cde6c896d83380c29d717d6aff28ebee6', 'd22e86cc667c9445b5af696045e06eda8b22dde6e9112665c96d31888a18aaae', '4acb3f1c0c369ae0dd8e8ece2a8f8cd6e386f276ad676b542fb59c0db4c2368d', '7a2a667b4848b75e711fae9715c0c2b617be3dc4842bf9845e533d216389c4cd', '3675d910634af3eea3105f9b515f7fcedf918ec4b122a92bcc38548aa9999638', '68927a29d85383dbd9db2d3a5113c0cda7d0366550bbc865e09521dea1fcfff0']"
ddbb85169d501f1ecd3e58a4d4478d650f925b7a024cde3a7269b004c81bf690,17,True,[],"['a6c00db9208f35ba98de641d3dac57e5b4bd72f6f6a8cbb6e0a2fb70986bb2a8', '94c8a471bcf76d06b14b94698bf9fbff7635024b74583843cba1e68fa100d4e0', '0bfc1ca941bf003cc0fd6b0e8999a05f77b717458c88cf1aba974c266b91bc43', '761fbbdc3d1a60650c807880cfaa7e37829c87770d32c211b6621db7853827e3', '2a3a9b4931abf34e20efc727f5dcd568f363342abf76f016dbdea491ae697ecd', '16e7a57a70affc9a16cb60586e16114c751f5c0158ef83f00fca90a4b02701a2', 'acea232dff041b2d3831f487895bd71c3d667948b80ed3dfa5e38ead4cd2d2b8']"
8aba36f3ebae32004bfeaf0a8f001680ef4c84ad77d600e91d1996358e9f4ead,18,True,[],"['23446df9702b4a1a432978270ae8dfbd1bd687518a479a49e6370133e2943ce3', '2ab09404b3806ada8cf9274203fe34167c2c8da572e74721ef2e95ae35b5d88c', 'ccb012cdc265f3844736acdaed36c154131e12df20e12b29515b59f5caec0dfb', 'a6265f6325432f3fe924e5715f833f1ae521c2dc50c3928be16000127d382610', 'c6159f0b5633a91fc25ed75a39676c1bb806d54569495b2f859b95de42f2bfdc', '9690a27ad4b26f8c2f3659855a1e3012e4226132014debce5ac36d116734ce35', '0a0fb9a6329bfeefd04d3732d53579f3766fd102f5190902e2401b0d73c4678f', '15ef4cd56a628dd2e9ddb79244c07c18ff202e8e3ec536f49b2aab2c259c4e67', 'eff4b8f943df86f8f2a9ff3e40cd8152e226452b5c146c53ed88680dc1db2f68']"
97e9f4e3531fbcb2ed55c084907948440494d23708a9cddb6608071d06250f1b,19,True,[],"['d36e2376b287168e42d5756ecfd92205fbcf05d98045f84ebbc27e1701d6fcc8', 'd2e8d17a0c92d588a2ac0a113596569cea477c5b996e5dabe07b451547c60281', '31534a17196af32c89ad96713797f612920681bcf54503bdbe0c6c9432d6b3fd', '3c439434f2626512064971fdf6ecfde486aa6787722dbfd346c79cc7441a5720', '36b269aa098eb0c5b24ef1512095be7a880b02bcd28de39194af71ec24dae36e', '23b6c4a235522cfeadd50e684d093d3ab002d2877cf097901a6ed68bfc0fb39d', 'a977b65e78e949fe2ebb5972ce8d53c78863691d7320e71326be81e06822c24d', '951297929accb4855187fbcccca06701263679f26cffc5f35d6b769c26d8f6e9', '9933cda2b745f90f65e7a2ccbbc0596e9430d8f2cdfd892ab5d58f867c14f72d']"
3597c42018bde215c6e7835409457be1b6fe960a1509f65b1f79f927ea457020,20,True,[],"['1e45ec40765cfef9b3874ab2169503eecf1b21c815df90b2c30e6ab8bac59244', 'c478c6de7426b3f370071639dbc79747a576e6523e8e11e3c3004a508632a1f5', 'aeb9855490c88c549c18863c6f5ef62b5f94075053d3419442e5089a684cb6f4', '19a35989df99691310f82abf629fc2e8b322ded4d467acb02ceb215f8d6b581c', '85759e4ff4e125c078b60bdce7123ff19c732b9f219074ba0c79c907a2b33a3d', 'c481e52802022521452821d1e66f69d387b64470106969d7b2af950a58e02941', '159cd857e6a70fb89ab4deaada30125c4a6908cfe9569bff126210c2f73b6b2b', '705f83c9eb1b2b17e1de8a98622b881f4357c46f6592a194c756545b6032605f']"
d8b8294a613954b95d024f1625f610dbd9b7cbf121e48c4e5d53a59275358933,21,True,[],"['0a85964cafd167b12f51e7deea860898e7cd5f8cabdf12214dbca6ab7d747ba6', 'ecd03ab73f1c2ee9ba6ffbc3c37a013c03038ca5a8cae3831141b8a236a6a490', '09cd9b4f017982c606cfa66ee3d11e076b728ae3823128a0a20ccf77c1e46171', 'fae9887889532cfc88f60a2cf662e682e69427fc4e647baedabe0671138c49b1', 'fcc3c46ca63cc7f0da8920ca471a7bdac290bc08351423e1e7650f80d336b10f', '7276631ca445cd8010077cad0efed5392ba22d7c83eaa8fff43fca5af3d32cc4', '2594d6eaa921f0572ebf3a7a13cc7ed2ee0d5cd51fb883df6cf07743a9a274ff', 'ac1eb6c7313e6443795a20e27bdfd26faeefbb81bb14f08a83b038bbff3dd306', '80eb690ef7115597f12e317493fed419191efcf1b1049c74a10f23abb9f9c753']"
0265b30e47cba5f148973d9fa3bd4284e8498b8b0cbd609eaae29fbc109e868f,22,True,[],"['40009f08d95b32fe4049498e23e2548f9eb0c65ff5539e81831d2d42deeae426', 'dc94d0aeb53d58ca7ea4e923829a45dad644f1267f10e7515a14b292f950dc22', '464952bfa4186a221f552dd2b9f34e28dd24a21a62058b65fec47664df087174', 'a05774c712b9781300a29a0fa11e859db103becc1ba71e0830bb6f5079fc837a', '5af86e6d5149d0d3538666ab228e3855830459ad7e049fd820f7a7669a62ae22', 'b9a03761f1f14b74a2e85d4dd3da93a9fa62c7377b986309f230fac434b9a3d2', '1d84d9fb908765f20fcfb7c845e4c4daa9ca48c1ddcb6582bfbd2675e0874446', 'f2d68b23ad8e28247e42549b70bd61168b3cbe9eff3f73cf7ecd9b46b1a1c981', 'b0c60f2d88c4ec2ab938ad3c35c39ba26c27a235fb31826728804021d2070410']"
6a7499f21e73b8beed1306f2046c89e6e8174a53073a7dc85397db7ed5f4b9a5,23,True,[],"['ccfdc879ec81df2da52cee28edc4a6484364ddf852898b044814d3ec8eb64cdb', '245fc5b5b9cec08f66a39c8437a217f01b1db1f9b6f5aeead09843ba5cdf8efa', '366e60a97809198e0c7a39b12a0039dd9e4be30eebb33efc4d7fc56adbf76bed', 'df50539be99d8c0f0e24b6cd4abb8483bc60d3ae37e42778744b1ee2ef49ade6', '843e747b55ae19787849377486736793e29624fe233beb2d6eb9af6f87184e9c', 'b6369c158813b2f0833231ffc3fca43995257254b2e6591f7fc5106e2d9858d8', 'a4e594faf13ce282ffa63bfd6e6bd3a5c065739ee10bc963e33b5be9fd09b12c']"
0669a69704b85d851242de1f956d9baa4e7e44c8c7a41eec686277b56b3975db,24,True,[],"['7b089b5b15b5ae528a63f88d26006b1d4fa7e5f95fac03891b2d8df15a7079e2', 'c9af811925907764d85ed212a2ca6192fd651f13997d55a7ab0ada56e2b92f23', '638576bab43004e4ff1df50ec4fab12436f1816ce419009d9c56c589d4081a37', '92a97b636472f0b2f5e874ede046e89709cd46af38b50e8aff215d295789b5d1', '92347e3baed311d14465fddb7674840467fa78d8f7e6340c19f4f618004b27b5', '9b394fc7da0ab67ec00587b708ffd87f138f69606809fa4a10998ff31fcb321d', 'f220c87f501d296c3e58e64a13c92ea61398dc3ddc8279f91ad2ef3550aeef31', 'd1468a64e2703489fcd7d759bb0ca2a93d4acbdda3aaa77c103f5eb4424ed6b9', 'c239c2d8d22932c9da71ecaa3d5ad2d0df8b6ea31da0bcd5df6ea66571a51f44']"
4b08c0eae2ac2eb0b65479f500fd62ad93b9f905b70fdf1eefd2a82aa746c771,25,True,[],"['f4b6ebe7f71560c49c815c534bf95dc5e534fa33c7710aed9ffe456c8bfb2554', '4b4e376c4465413390bb352bfa890babca5f842bbdc08f889469ad7fad39be11', 'eb252335db35c235d9881ad15dd50514c0fadf696cdc5b453d2c374008a42d92', '2599e76a83ba341f487a343e862ec813b74c2c67000ddbce295d9fe4be9bc311', '50ac543fb708a2ef333a276d7d0502804e8803987ec6d40a5476a7a7a11898cc', 'd92c62d12994e8cc6749431aae6e03058fa41b4ebeb658855568e9cc2e6f77a1', 'ea1c7d2f38d4491586cca271a9930f92aadca19f887dd4ddcebbc87823350228', '0f26c55aae91e679d931ec1cad7898332007327c70d8d6dcb7ab3653d3372d52', 'b87eb6ba82e17e1fa70ed9e91de16a1892caabf53189d0bf1602ea5775c67e65']"
6784b9468b56441c9896c3db7db653ef518eb030daa11506afa7644f92ac2f46,26,True,[],"['0fa7ccdcad41e92788160f2f038f17f2d8c97eeeebb9445856a360c3de055dd3', '8bb0fe1f322f54e33afbe2032976c52f3294a2caec97d1f6eabcd00395a53595', 'd09a32069267759634e4ec54309cafce00da26e2d4105b21b67d32a05069b64b', 'd1242ac3250956d7a8273387e55aa4c47703939b857b8f8e302d9b57b9671bd3', '9dfd824940564ff34d4912d05ee57d695cce151e450b3871b1bc9daca07521e4', '2c9d392ba91743fc97f8970e70f552ea392fedd5d8d370fd83d57e28dc382ec1', '59982fbdf705f14b2bb41ec7f95a0643b0fb4891794cf768a5202d3640b29f23', '7bc083d5dd564b55ae398bb3b0cec2b7061a0548b05a099e83adb67334165059', 'de6c2c952f9c26cbba0601ecfec974c3aa20709e01693d39114f1fc344d667ed']"
afd5f802fadf2873b4d6d3c12e5717ec492316c0a05afeba297ac8993080ea0d,27,True,[],"['4685b6e9b65153a0fb03989e802048466d44873b8b952603516afadeedc98b9d', '444639909f453029fbd2107b5324d522b30bd1c1a7caa8a70a159e26f8ce9ff1', '16b5c3ea65d25f5332933687f28126fc0087a687faee17defc5ebf2b42b8f99d', 'f49b05668184d35876231566e8db665f649491892683ac5220a889111480a5c5', '1121b7c44375ecd8c269c5a60ae30a10e677447fa06de84b10c8bbe2b0443b1b', '6611413dae76df7b2d6c79e3900478b8c37301e4e5bce3f1f1f7e50159f72fc6', '234170c976c5fe043d3d8388c74d47f64d286fa48e310e86d8c1cceb629946b0', '1f506596b1d596e921736d997c0c35a68a6f7c45cdcbea829e6c57d22877b0c0', 'df78b6417428cab4fde210b7d101b6e8938854675d45c740603a3b088540a498']"
65c8fc20c0c497dbbae41b181a119d18ba394f80f26b115967e972540f593901,28,True,[],"['9dbf6a24aed97e4545aab08f5900a0e4a113246d599dce781341104da74adf4a', 'e8a08e49938893a2a4c82dedb89ed869e2052ed93980de6106b5c89e348b4e5a', '1b29b631f2b0649bd88b9cbe2a6b8ed5d5180fe0372ff93b8cfb6cc5a12a110f', '43c1d22b31674cade65f633a7b589c65dffa210a6345611a402f415d8f1fc33e', '4adeef43ad71f74b0f30a85e2559817466980b725873120daad531fef04fa406', 'b26500fc613cd58e2a3319ae3cea5dbd3e4ee7d6d2b2a56fc7e387174917fc86', '48d78754f1ae4f289ab7745f33eaa2aa219a217dd48d4f465046fd672ecedc03', '980bafdea6c43ba80f7cea61925255aa349c61e0f0d4ffde31899e9f37c3fb65', '39a08eaaa12b3a156cb19b790d4eed7e93747a811123a3a645f4f6fe3f382764']"
ff1a329f5b30f984c10513f0ee1d303b91f4520d62702533b5940fffc7f7fdc6,29,True,[],"['3b096fb2d5cacc5f08ac411413582dd4a5e791cc0917434a1d2afac61123625d', '6d38c9ffef02f669f810650ed109e19ff7018401d58e16a43cbd6ff939c26d24', '68463732e712985ddb9db937afd2535909f018c255629a1a340367e443e75b3b', '608b4484203b09a7974a345d93b5dcfb1375e75909f71eb886276f65f020b4e8', '89fd7c4d27a366cf95bc33dfb78359b876fe72fcd476d0d0d8bb8896d336ca78', '2a20d56586a0d0e8be5167123f535b53805827dff341d04f105c4e09e53c220a', '92a3b06422c8543c10eda4372c1416a875005cd875b28202cf6767d04b45c9e9', '6976b2cbaa2aee55c39c948200d447395615900c980baf38fadee0cd60b414fa', 'd90e581be1e38d5b24df6ad89c12f091072850ca78a20f6a739b3178e23db748']"
4a051d2a34edf497b2c06958d200ad9eef579c5d2cd1a95377138ad8e4da2e5c,30,True,[],"['037164489fe66d7866f1f30add63454161b7c43040004e20e4b644342fb10c50', '96640b69a1c2769489036cf39beb03e2193ef1ec5e66565e7ffe56a4d7257dfc', '8f2f5313da02609c2bbfd24ee978ea8672389d0cbb9d015ca272b482b7b3692b', 'fa48f5a95a880f233a08e1ed18411ba4b47f9ca57c1b914f7ba901eac07e0af3', 'c34481424ee649c8f82fd74ed84f048a04a77f4925dfe4e67bf3e4581a506fff', '982a370712ab8163633d44110d61292090528977c0c0af12281c92a1b0c7e211', '5a994fe98fc8c571ff3d9bee74030185070ac5b5909b064062a1b4b7b40210f3', '5599fd0ade42f7953e80620198135f19ed50d7b912dbaa8c56675f8d559a9db7', 'a748c37003db8ee0e8a072bed2c9df8f7f0fe09901bd6a467cd140086c94c9b6']"
2eb80cfb9747a270bab0e8edbe76b35813f9dd9627a06b6f834b6cfa5b541834,31,True,[],"['d827603a904790dff91220565210951b254082b1f63523bfa02d6f8f902fad4a', '16f2c659901a83627b812634b9fbc2307ae228a632b0b187a259d80183d6d546', '2e8755cf8bfe6e93418c3c2a4e64bbbc60b5f10b6003a2266bec9ddbdf85198d', '31411cd2985fa57aca6fb991d725652f8076356d21db0c8976cf9cd0e7940e1f', 'f5658b0974a8926f4fb382fe6b6530ad70388e99bf888fb738526faa6d8f6eeb', 'f76e27899ae25286cebf0d8fc6a4ed4ef449d6236cb3f2dd2842aecc77cff831', '5a253666ff46234165fac032ae5101258936cef203875c55aee94cc586bae8f6', 'feca0b1c0266f02eed4fb19f97bc077171de836d5dcca99280367f9c94ed05e8', '91c83c2c6587b2c14ad4d3d6f01786a05074ee74bc3937cdf3c09a64f2ec766d']"
a841d47b50cb51c0c6fb94287081c3ed6b859dc0514b379eef9a9bbb86e625d8,32,True,[],"['107193d2103453dbf99232cbbd934217786e13db2d958c88d48f74eda87d8ae9', 'd06e746a396af469c10c0a10da214c8dbccd49e0966ec4dc5ce02a0332bdbc7e', 'd8405bb2605435e72b043431daab7eff671997a8293d978c0d0d48deff005e06', 'c58649fc68c7b45d180b82e10561749fd1bca25a939e40c065c77dda3a5ed0e4', 'eba3dc40f7206b9d0540d63239cdba8b213b610e3ce134af70ae449d01140f37', 'de994c054fdebd4ce9c9823e7b545fae2e03048b7c5df4646ffc312747a34e9a', 'f693df85ee9d6a09620d65c0a97de00d956798ce622aea2cb4b18c2f305e8fb5', '3c65dd846c83fb48036cd978d4d40c35065de407d20df34234332e5db49c6fde', 'd91ee8ce7f02ab7fd76fb01f57997079d06cac92eacb03d2d34b0c22bb0fa0d7']"
f1e7b783b038f25e09421c1e76ce1b700856d12c99a695c69e692371b9650af9,33,True,[],"['8500957faae6d0ef68575e58e8c414ca20864b00180bc1f7a40dcd193f9607e9', '6e8834046de49176d27e7deea1e1b83914a019ccd737865aa586fd85037c9f33', 'e0c0f2c508296ad5f009084308b2afea244c078e57ec13ad8b34a17799625540', '05f0e87d5b5cac93a7f338ab57d77f60444d6829bc35110286c4cb3549d2578d', '1c4bdc67bda8e7627e64c6256da3a4b263fa9d748b5dd55c019a983e553ef356', '93581b8012fa8e0a4126cd10ae80955cae8913b24c4083c1a559fd4ae4fa9c6c', '580d0a23da7d796fa5362075a4aaae3277b0206802a9734f37f12abb43165782', '91c525a8657678aed71732bdf444fb221480c1aeb98ada001e2afd9f6da561e9', '4742a3a65f6b407a000e94b08fc09839a3857b1d3a885f3273c9fe100703f233']"
f6831c98392f89f1735732b90a803b444c28f86636a6d17fd9b760f4811426b3,34,True,[],"['520f024acbdc667210136f691ffb682374401dcf776217ab68c392de547a4bac', 'c3b45869a41711f55941308bde4d331f7bb0ab9a7f5a1c159298f6c593d4dba9', '52d4fcaf05c0f2585a7f9382fa9559bb8ca44738796fdb2e00bb101fb28bdf4f', 'c2bc333e85da3d124c688f1a58231753fd73e97f35164c1128888e1ce314ef70', '515e390bded3eebb4087e90a5157945837e753207e6705190d936222bba38517', 'e1be0da4a1cad9ec504da1aa13e42dd981713089d3d5f91ea8c300042c6530e3', '79e84f45150b48b7d00055ed782e4feb7481acfb44db9af4201783eed7bbe931', '82001a85af3fe31da527028362a5f3c9dd79a681f1c80a7a364c169cd3deef1f', '1c095d6da2c946bc19c7eeb0ab28828cb4d06374062622d05b21466285607b1b']"
02a8e9c210d8028776ade764931a0fcb60e88679c04100bccf4cb029caccb9d7,35,True,[],"['fdecfde081e9710f85dd8ddd511115f82d1f530b617dedc3390594903be30ee4', '1dcba6295faf3c58fdb50d10fcd03100cf7ef961d9e973dbe49acde2c1fbc29b', 'eb0407b6f6dc13d818b75b2b9a7299fbd26d816ae5fb16d05b47d5e6cf3e6747', '64b6a341185fb6f440deb82f04e157960c4d1af44b62bc52a71d41f99fd6f124', '5d0e912765d03ef5763f2a662a85bb114d5100da3a4fe871cc31bb7cd8bd51dc', '47495b606e5f24e169e15bb9e76b263b0ea1ce7bf33960fbeb71e95d27565bc2', 'bb94df7d8a46aedf5ef63e86d6c060bff560dccbd90d51e9a53e65f1798c1cf0', '4043c0b23ab159afb2357ad867b8344722c840f1b73e2ad996f84a8f5f249ebc', '19b5a6c8720d981fb165378eb9f4e5f83a2f50465dc6e156289b8da08bffb88d']"
1490efc16318e3bd22b6a7d6344dfe6bfd35077e3a93f8140ec6c05ea8d9facd,36,True,[],"['b8679a0099cac8ad89d47887a1b847cccdc49cf58af261effe80e6dd9a162791', '0e7c6a68ccdd8a36a2bde82d2ca2ee33115b96457f3dabbca3265409c54b1793', '80e9b2eac8739f45f17665c890c2a33c1b7bcc17026d5bd4c36bf2130f27d42e', 'c66d34aa7584db12e3539aa81380712545b1200a3afa333fd2167329f4ef2564', 'e168afdd93a2747d05bce786672317014c35669fb8da48c8daf06035926eb35c', '8de2e75c154e12cfb6f8150864a883da9fbee3007ef21ff5c0fde14d0955ac6f', '764e7c38851e943a9b4c06e32e32edf0ff8e54fe952fa017cf89f156da63129c', 'a463136597d8bf03e29cac56989edb9746deb2bfa98294d14b4f6395b2c2c27b', 'b0a840e076263ce4371684c299409b0c4466e997332cd68f37bef793cfaf269d']"
48fe69458b18d7558a848ec54f2b5b8b3c920ad438e5eb40803324acd1f4ea5d,37,True,[],"['a739f4a2f12fef5141f8cb07d8d7ab029c3e2f57116523bf1b6782fe489b38f1', '83e9d111d12509619230b6f60552ac5bfafed81eedfcd1589e125c7c2dd5cb9f', '312eeecaf1c31bf9aea47a7b6049dfdffedf612a20de1b479e488dff5403e39e', 'dcf07f9731f5574344ba079d6db090444dfc0721b673a1ab03b4c58fdbbd89aa', '7586f7c5f0fc045076ca9720e5e9b27d6ff1d66ff16688673dbe100cd0a38c5e', '261b31580c8abfadf56ca31b931ec38c1d2a23968f1e5efbed2a7120f074682a', '36a9816d94d3645318996be234ced61c368588ddcbe9da75a5a0dfb444dcf691', '82db29686dc6bb9315d4b9d9803bb40bb1af2c27a1fee0dd75d7fdfbc0495126', '3142adb61d0a05b528028fbde415c73ffd199c0f720cebf0142a8b8fd438c602']"
291aa433b2a1d5cb2a355f0c4015e4f8bcd2851ee512e61f307491d8d14aafcd,38,True,[],"['e2f9a7756bef5fe31da40f321fa2f192cf0259a4cb1aade335cbe274b5d9bf94', '9b998c90ebf3f6feafaa7d3df59c12863d42798724a5d832b77d86f9fca27b7d', 'd3ad023c73d75927c259f07da6e44b50b877db238ba8343e0988b31ef9aa013d', 'ab53d578bdeaaeec5ec00e90bc259eee2a70036af08791940ad1a0dc615f3055', '2724bd184e02acb0a5ef9b99b0e1c07effb07180f1e470778bd37eccd634ee4d', '0681d23f4b860d2879829b7772cafc98cb4b29741d9873953b253d828f045b99', '971ec810775ce94ab2c63e02a225838b36f07071e8312cdbda1b1f59066cf8a5', '85e3972be6b1740c6d7087e0f7df6716eb39c8072cd6a06ee4b9bae0094d0d9a', 'f86fd4088fea8659749b21782511d000300320ebc43ae06e889f212baa823931']"
25609c0b04785643835c7cb3180ad778e524cc322e392a5006b6571e2e716450,39,True,[],"['e987eb2bbdaca95b2ed9ef232c28440f9caf49ac04ef7626d813cb40530f3096', '120ea47f9ef3778a2b1fee969e8247768e3fce0270903b45fc79c9e5528cad88', '2bdc034721a279580d9ff9e71982da6741dc473332f62cb1709403013f524f77', '04f3710c185dfc016247f46df9fd0bed98b3199922952844ed4b6638c90979c9', '864ada05cbd2bdd8dc9ae523b242743d1e551849deddcbdd1a9029293e3b1e6b', '182a04a0ec23f7acea3f64783225cfaf9261e7d7053b6daabadf21f6d45f6ee8', '40b578cf8d1fd94dba6f269e1aca622a34a1f7735233aa58b4a192969916bc90', 'd35056d0c178d22b5d1cd991b5d71e70f9f436e5832e4c50b5dd8bb2edcac8ca', '698a5ae912300a215f9fae561ff57e1d5bea8d77a450595acac6112211dad2f8']"
35428226fc4b7bffe0efff60f63bcc10fd1081563634f260079939438c0ea7ac,40,True,[],"['b488eb070b6f4da8a2db31e977406c95bd4594feeceb5d137e6acf6ee1df36b7', '80511d9d4a1a271d5268d61f1ec49e875a5b38d98d0df0e82d4af748259b8e92', '13942d30431cc38a795225860dbf5948278d5a87a25bd0276676702751d42e66', 'c56da1d2a29e0431a968d2bf5302f1e8a9f0b25259e411f92754034c1d0cf5ba', '110c78a58bf0c34be6b59bda24363062900a3183bf0e2561db378a824bbf85a5', '80eaf01fcf63ece039055a41cbb9010b813df60d4d966596bff78e6e563bc691', '1fb6bbaabb4112a2b58403720384e2c1bb49a61ec7ce014aa3dc34986fe60d89', '7fe4b40a1403523b5307dc4a3979a481ac2f9d0313eb86a6f5752e09bb34e383', '6e6038f1bcd5bb6c9509dfdf69aa2162cc68e5b7dcb68763310327ed66637661']"
490036903df134e072c0978dd47b219a44a028b80a5c98ebbbb61e7c904b644a,41,True,[],"['ee7ee26a59737c257340c815de23cd95a2bb31a7fbefa282306cbafbf0cfeeba', '1409f07a01d94b60e9f923f28d5f6c1add7b2b5887d0346afb166ed7c1d344dc', '2d84623ebe1b1150a3e2a91d0bf90afa5c7f4bc9befd284b276b5886350bde8b', '44ef1dd22ab85f8b7862301b6bef12881fbc836e6541317aa7dd9c7d494a8bd6', '009805be904dcd30afce7b019edde620d44125ba30f31346fcb141e711bb3f4e', 'b61a124ce67a4967b8bf88de47b38910c1acbe49847650e2ef0a48dfa4f1846d', '2feebbe114fa8d43b0fd09604396e6d4fd74b60d06b618e56d2296266e3eb696', 'c8275ba063223f3265ec614973200c8ad1451e241906fa51dc0b1030f6cc83f1', 'dcebd0c62b4951b05ea6ee222e60001c70c252c7d7e068e9044c557e3b707a3d']"
7854f3fa8bfec4cc4d546c76795a86dd765f81dcfc10dd7b01152692edffb14e,42,True,[],"['7efc06d59dcfabe40d68aad403c55c47ec75e85b212452fbc32e03c482959560', '06557c99b82b3f00cb33677fd4ae30d786704ab09fa01c06ff27bf2c59aebfca', '4558afa7445c4a9a985a3a88f49be965bf6e0f2c05f736b7a9b1ce043e52d44f', 'f6352eb015236398422b7d36825aec923284b389d31707ee776f060ee8c0ae73', '40578f8ea7f11a42d3c8d97f012e50ab23b98877c121d418ef96db4d11eb45f0', 'e860839632c33f2e50d13d0fbb2f45604c4cb2d37f6131111bc25a10cee10717', 'c01b1c4859765966fab49d616c3d52af8cb16953ecf4944852937ecbcbe76bda', '7e2b9877a58e74c6f72bf67b9c44c93a0e3a8b47a67e9e0ff609bf8ba5625801', '3eebcf2f554787aa211d13d5e110710f6e9ec73c44bdd053f009a054227213fa']"
85f87056ad214f9790a144940a4f7cf97828396969fd4100112bf4816e920020,43,True,[],"['f55e89ee8b9309ff817b0637e1cd5f799bdfd75a5c1b825b690a2f0ca314e476', 'aaa7fa6aabb466bd2fddf8929ef7328c2eeeb714d568419cb3870f9187d88112', '642c47c006030ea43d93eed603e1670bf4fe13ebffbc281dbeb8ae5a11c2886a', '0e46f8c9e96ab05978dee7e1531c10169b81a4f2306d43858ef6394460fd43b3', 'ed582c5c326936be17213f3eb87cfa721d91ecf6bc2f33239d4811be2f208adb', 'b85c8880a4938b9c50a001af3b38f1066b489ecc37378bb55f9bd61e25b1355c', '39b9f61cfe1b4e2b3560644619934a8f410800f1a5a1cb65041c3684e94e4e8b', '3abdb370361d8af7f2bc9d4eda3d4b97bdca80d41a622bc9e9962eb376341703', '1e2b6b7d8c05b4da06173abb263e4c23096c7ed9d21e5cb52efee8e0e179346a']"
9aff2bc981c126d00323b8664a2af0c61f125b5e5f317cd26f2da53d5a8b1f9c,44,True,[],"['ba2ca63139e793bba095fe143c53bc64523cac8ac226035f7f84732c84b9fe28', '17f53c4478c260c064edd2abd2cc36f01c500fc1d22432952bc868553bc82277', 'ab0c24a1a6ad27df5c02e3b92328ddd3a22a9dc16099ed4a8db88fee3fa5349e', '8ff63df4dabc8f36b57b8a82d01926ec610ac1df3700276ff92d9c8e47f51ff6', '541b7bd0c76aa47cb3c14573dc45d1100155084fdc3b2a8ffd0ea74ccaab1cbb', '8eb2abc870133ec99b514ae63c671d1f4c4bc3cf5f2951b701a8f82b1fb19d81', '47afe9f57f2bb4f0aac5d0c11ec20f5633eb4d3af664303aa10d03e0350a4fa7', '30fbef3f5a284d77e491aea32b545332bab652a548c4310a321511abbe0204f2', '1fc71cf9a1f1b00e0f2f27079765f70b26a5527a7d6e854513017f8b98a244f3']"
0d61e9e53068e71218ccf3887a988ac3eb1f84b744c5e36948f2542fb99af3b6,45,True,[],"['6137bd8ad6650b9aee666e3429cf1a4b562ab1ee7a7dda976917edfb21860c3c', '83f820519254dbeb585ac46f0a662aee331084efb025030bbbe9effaad041b91', 'ede0e1e27622af510486cd033b23a381fb076b3eb8660bb626a4b6cf74b43070', '02d97ad62790c29e665e6b4d04109dffbbd3077bfd6543e62b97f29c55ae88e9', '9599085ed412ec982dfb7b18f242d386a8369a1cb994d0f2efb7d4b5e64b2551', '9e402fd4059caba9415c3aeae64651e96c0c97e5c74af657098116c4955d135c', '60c1a69d1b095c869515f57adefd082bdf5dff90a8ec40689e6ff2558b4354f8', 'af76632027c32bd8c2d0372ec2e6447291580fc43350e5f37db0026af07fc5cc', '824c4525aea07396273ec11d93942efd653122f55aa68bbf0dfad30dc8db7bad']"
a7babf74dcc48b7e664dba1bff3a5c64f0e76137e58eb2046c98f888580f8a37,46,True,[],"['155cd00f6ceb3d24bbb43f8bfa42887e58759585bc1f6412f556ddcb71304a56', 'a5812619fe55669f6d8a12b4fe4b2de3658ded46650d4e3cabb8bfda46ded8db', '90744a37d40c954ccf701af73eda61478f3d391e1edaa6e676a51ab0cacc446e', '9ad171777b3452cabf9b2858358119e92e05c26addefe8c2486289d961c038fd', 'bfe802b0ec4acdf3d2cf55ff07bd9ac93d8db5978e66c8d0d533037767e22106', 'fb044c179fc5e632151ee0946b0c2af1fde2b99e7b9d8832a4093cb1db2ea756', 'aced7f964943ea80221b0f144103edafb396e1c1e896e484e17cbdd20b1d3850', '305a38b36a12d0257f7b8d36954186773e0b3a18979b95eb9916e5a3ab6a09df', 'd932d283037bb4264365ddf12c7f9469f55a1cc869a7b11298e3d02f271d4f7c']"
8a246ec63e12c60884fd9a9e4de3a2861c220f18821fe4bdfa72b70447f51b2b,47,True,[],"['44133d4742849c99cac1d95c03ab1fbffdfbb0dade0996de4a3299281ca626ce', '038759ba6a5fc98cee9d139303dd36ba80978602027f454381216fb46d0c5d6b', '0be321879058a435bd47ccad3fabeb82cc6a7f51fab4d5906dae8c329580e4c3', 'a316d5474115d2907a75e443d9248f1b284f2fdd8c3fc0a179213a6a60c28090', 'c9d43fc341b5208b4e133d4b2c72af16268d4ebf6d39d992e09e542636ddbfd0', 'e5c75a7ea7a3e3c37dbeb87b051ba587c7234930861684a732316b338cd5cae7', '9e9747827609df7987cee428c03464fa94e76ec18ffa714333f1e90529a8dab2', 'b7644c1daa520055e851200d5a802295728eb92a2806d384a19373fe87e9128f', '5546f15bd4165ff200fa25007c8ff95eb948f2505c387f189c531177e7a5e242']"
87c3ed6ec44b3372927f907f1269fb96dc431ae0c81643c477bdad7f3a6dba58,48,True,[],"['3cd614cced3aa5ec866c3122c270d330318953b4b45aeac5b50589d5bb2951d3', 'ae92f43d8be1ac230b486437e7db4c3923efbbc47b426efba2ab3c2395597b34', '3845522c2151d87cb24ddd3a7fddb573e0355e4ffafc5aeea3e29e83b36e236a', 'cb8e96e4a7494e11aaff46b84fe3c1fadeb228eb9f3d0b77f02a5251716e8044', '7a62ace17d0f229b1caef5f590b8da2e042a1bdfbcc6ba494ded29471009289c', '026cca99ed125eba2357951e3ce4eaf596be64b25feeb66d10e240e98dbef280', '9eeae702b6d391aa2eebc59f96caf2a985989ae68ef995776e0ee32d7bcc3627', '699ff98218f41c6d5d7249a137cd066dd0e353624c1cdcbf864f034e8dac619c']"
32072e630fccb8f2e3692198ce8d7827491cf0d3d9153873b70270c1db3a54df,49,True,[],"['f7017ecbfe1fd7ee47f2675b46bc3b40930f5bb5d934850c17734502a3bc0a35', '0a305577a0ee00eaea5155e942092efb03ac2bfab531578ddcefff395ce737fd', 'bc96cb96b933ef735c859fff249b1f370430ae236c617333040a75f5576890e4', 'f147416055f2cc80f9851eeaea704fb7597e83dd2bdd51a2b7655391af8f5390', '10c378808d71df25c2056caa3179001fa4ff4785c02a83648c04fb8a77f44159', '5d09842ae078268634afe38afefa764e051e6390caf28df0e7ea6d45a630af6f', 'd6461e8da8a9946c3f2146f270899e6b827eeeefb32872fd8a994de1532f77ee', '1b515f7d2d6f39720458db955113760ac53cc172bf03508911bbc34c336a8c52', 'beb0b4eaf537dc132ddac3ca1036080c346fd9277d975d847c4b87f58c604158']"
8fbe2d161c0e5789e1952ec35680b2cfc48bec02925807926871e66130686cce,50,True,[],"['5ac04f69e821ec0cf74c03bb1cf9db93672348fc939a87060cba44062615b467', '19d42d92275b4759a7e55ae6a53ef36f17a45c36e81ffc1f4b61682a01a6d8c0', '87a70920006b990e8825f0e6473ca7496028d6772ab1032a7434181cc106203f', 'c39bd3397712b047a74f982b969248bb99c69bf61f449eefe0a1e100b8da367c', 'f9afe8e25885922296110f0749a3dfcd3c7a64bf120925e93612468d9ae32083', '566327af1e4146a4eddff258399425a47735c214a217ab8cebfcb830a36398d0', '161a3b5b744ae555bb5cfa6f8a3f1856bdac58b6ccf28e2494c95198a06981e3', '4318be4837f9bda4a3ea1ff31c92e4c7e84b8612c93242f03543f8649f528007', '749572c1923aa3c0b12a073b8c6eaea11e7e5e8a30f5f27c0e5f548a034bb55f']"
3d62ca5082602abaadc06d4b15790067ec7412cfdc523979c10af77a66055265,51,True,[],"['ce38e18be26effab6d9150deb4dcc99ace518fa2a4138cdd73c227206d961904', 'd2340420542d42e063f1de1938688fb7d1221333374260f01855c959fd6f6583', 'b35674e555a64d1c80fbe3b6c2516dd7350297edf7bc7d89e2d344b58731e955', 'fbcf68e3e206a6ab0b701d4e680e5515f1587b21b2c755cd55a34a51b5bb91ec', '4fb6c32b47e8498c3546f7051b2c9db8ce819a998cb25e7f30c442888eb45bfe', '237d75d934d83f839d82abd4ddecbf8be2c54b46e1fbe4f786256205aa9b725b', '695fd122620832ecc4969125f12382ba74ca37c4e9356613934c1a0fa0dfd1d7', '8b7321f8f18f75d0b887a688ecebcc1f9c63d6f3a25bf944607381139b4ac644']"
314bf4c16185dda178ecefb97f19284d13d83b9d4daff94c95c18dffbbf72f95,52,True,[],"['8a2385cd291fa6fac13769a88d73b3f4b73d4a9d9183ba104cdc3637d644014a', '4d3a41bba72f2ae65b31b2ced487c5c8511279c61cf0af85a95b95c090ed655b', '40198d18ce7667215592528c62c1bdc9bbfefad451146bcac8a33378cb196e49', '904bda2ed01152b175dfa0b810439fe552962c20cf9994286d502e8f01f23111', '23150dca71cbeeac6dc2b0c79255af21dbd173e10b64814b5524ba55135214f4', 'a7c0560666226b35f9ad65db99f81964d2effa52fc70ae0435ff8edea59bc560', 'b2f41e5ceb1c0041d9f1bd3773d29c1409c1117bd7839d4ce910120bb2a4e065', 'ca7b3b60d6f651d7f30379c070b10ba0377f1fc72c6a1ba11ac5ae405801c645', '7951abacb27e41a53f66682b21f486970101b2bea0eba57f41f460439f752f3d']"
acc961556c7f59b52693cd2da632706339c6295681258c3c015ed0ffc3c81d97,53,True,[],"['3a57f6b3389181c97da417d292e69834a9c0c8ab9d5d79feb5d91ad908f5ac86', 'beb384eacb577664e41cd00f71c5a3a1ee659606ec1a03afff3e6cc512b0850e', 'cddd974ccb72ba3e09fe165b2e7f822c13e1cfdd9dd71e02037bbe577bce7994', '93c9dbb2faa2af52d01de19c31eccb2edae278f29d0e704a6c9ec03a5b57e9d2', 'dc26afba23b6b769a79788fd287eab746ec3062726d79716709a5ec663812018', '95d50779a88fefafdd50eb0d1f5706f5e5a244d2b0a8b610653c083f95e85fe4', '0aaf44ad13cb2a39811c093175410dce8398981d6a20280a8625b44ae42ea495', 'd35b0bd38bcb263b267b85261f8b3995cf342a04c025b4ae92f34cfaafcfc439', 'f0404a6b28989d5f279d5f2a874093942c64fff7080c032baf70456e65238260']"
2977e360d6862363fe867a83f4fbf54b08b82ea4886271ea39817d7b71646239,54,True,[],"['7552922ac4a46157629f6cf1edff56282450880994632856cde21d3e81fb9622', 'ee13b6f482e4bd88892bd96c1a59da948b05232665d0ec6c265ff862b52e3262', 'c46a207abf54b240efadd3a14b13e628df3aa81f26ad5e8c8f656362beef977c', '5e7140710ee801646e331efd4fd4f23d475cee6f36f4afb57cca87b8879ae1e2', 'ea22f915bdfaa1c4785c29a186e0d9ff4fe48b79a833769f1ef23ed12eda86ae', 'fe6310c43e841397fdc1136c104c76294502eb99cc60c11d12bc75b1bff309fc', '75ea0364329d6d995e1ba4412d7be971102a7fcbce410b6609e04d41ffe5355d', '4157a2e6712a76c620d06d7b1f48f81e824e1fe2d0420a0d351a8536ee57061b']"
6a26f2539ee0a72f5ad4029dd27f4c4717de5d4e1d933ea5fc463735ff9b1b5f,55,True,[],"['13d5af22a6d76955c04cd79eb1750089bfa0576676b47ad66c30ce9eb4661314', 'a63a169199c7db5a54c986ff83a16e750fe3dab0a75474a44f0d96afc2d36beb', '8aafccf9e8faf8b4be923d2bd41d892e66a08d25d6a91d4c5e68488064bca137', '8f13f02f9a967a4bcb8f3abbf3cb5894daa8ca5f38d692443887fdfbcc46fd35', '05c66d3a94fe352a48d730f7db190039c2f618ef4ddcc782a729348cd1d2f7e8', '6bafcdccf87f7bafc72a08d28dadc3988d993c557340c079dfeecd918c1bd5b1', 'b8703d6597b0a5ddd296b05f4bc0d5c2dd399748ba02f0ec45ce8059fb025616', 'fbef1dc64434d774a98bb04f50d6c9ac2ea56d77ffa01f21491983a84e10fdb2', 'b5b127c4108057f70a8bfd2edf8bd3e9ad265203fa0ec6b9803cb5e51da794c1']"
462781c2f639fb50b103b83832ed6626ba7ba5c7153e86962360b1714d60ef17,56,True,[],"['2b678a64ba8a00019f2223a1ea045fba765adbd6cac055253027b87e6d575f52', '681b6371c2aff350ae9cea4b875ca6dd1a5e4ed621c9336eaa4c0a3a82f18bed', '08db8e196bdd15885a5218da4d2bcac9e7f4b6a083e0fc33218fea9a6fb6e653', 'e96469812501e63fce0bef1b2de9540d1babef7ec5365632800af53793d4a014', 'c634c8c321f0e9c3eb33d07a02147933f29e7108eef566ac0183f73a8435b37a', '5850c9dfe6ffa854bab8d5a1e48127eea4d071de7b4caa80e29bceddf746244d', '599e2980d0e859f37f6320846b919d7585e6df16d00ef7496f1e0bf2c41f6d1f', '1d3795c2c7f5726b49221446ed65fd67a8dac2d2b66512a596af47354a1851f4', '31b8793dc3e40b43f443bf1669151468b6976b1684d028b693bc18f9439d8158']"
fdd7e06eb3a78001df005602297cc512f8a2aca7fa62f4045c8d5367e4f1b086,57,True,[],"['8d66e2c357f78da6892d8aa0cb1031d39bba278e3ec43a5847d46ab354048d1e', '3bee4f0cda2824f5b85fb08063a3426c6a32bcc64faf2ef5bf176ce1d7bcf428', 'fbce4fb21e72adf35719745fc33cb36b8396c442478fd1fa9e5ba1c043cefc53', '30ad1e59d48388c5c21eba1514f537275c04567021a7a0d7f9333c6cd1a08fb8', '97deaaf5688629413add916d8fea887fb71c8309787e5580b5459bd7acbc3eef', '378a42be3e8da03e91a12b8600995779552d191f79b53adbefeb747f629b2d72', '0e4bf99e4d1c2df53786ee68c86a85af8e548e51649053b4d79acafb03545c4a', '15cceae107f22609c5eb7811b411a9fbfb3241977739911a541ea4b34ef0cff4', '6abbb60df83aa206df6ffdeafa1c17f0cbd93b5523c07e415e9ddfa859de6e2c']"
8430bc7b07a6f8b9d43ec443ea48d53e376208326e718328cc1d436656041a8a,58,True,[],"['8a32d0a84b342b779d309a38c638417798e16acca1cc3282ddc1ffd754b098ef', '945e9198cb6d5836eca5f8e0d9a53db3b08c68f4e7ddcfb12242589082007660', '1268caafdc5d6f354cfeaddef1389de90c95bb6487cf0f33a0967ede46c07f82', 'd28f1e1cabec9bf060df1ddc21d2e39b69ad3045edb0af2e460e43fe01d4f047', '9ce346010192b02dd3068ddd32826e46bd96740e3f16e477aa8cf07f2e21e606', '3d3e3f2f0b1e2767f210d81a09ab05d9e1b631113c507e9177197dc4076688ae', 'c6e621be6087ced5e231861910e82c6e829e602147b638ed88346b039d5e7ebd', '580955c6deab4ac3741f46bfb871736cb31dd8a10747590d280ad29f932b90bf', '85fb288b0a9396b3e76555b4a774931ab471de82f79747a2de4eea6ab49d7ce9']"
ce8583f76699ba1e4f056997658245363825dfde7faf69458a132ea3638a66df,59,True,[],"['cf34bab84cd5d7b97845573a68aa3082799afbcdea1a4c6ebb1e65bf04909731', '0de75d2b3a7034655af34177fa90876f927c9111475e5df00ab98940fefae18e', '305c98c971968a8979e1d5fdd575e46fdb720eded6410cba9b43664066ec8fd5', '2ad73469af9fb9baf21fbb233069f4a085d362e3206af7ee6a641ee52deb550a', 'df33ef2f43eb3997bd364f5622a03f69912d45294258df668cbbebdad0f3ec04', '23e208e6fbfca4d8e00b2be899876673582df95981fbaf60f912e650836db6ec', '6f238693d114aac0385745899dd1060aaa7ec00ee3faa92de785bac1439a7f74', 'f7aa6c8520333659dd9e097575a0650858aee835c279fe3e55ace0790c7717b4', '434f23daf0df77dbf63676e5c6019bb63f9c5a2d4f98ead8f52f754a0c7b22bc']"
83407093c48458a217ca5fe64f1e48c860b4d10f0761fc4357fa2d6e7575ac72,60,True,[],"['6d5f04435d0ebd39dfd54beae34a37b7d0fbf54e1220975d5573fa67a66af67d', '3a8a8b77cc7b8db80b34d29e16051aa3564278338471e7aee21fd3c9fddf00c9', 'db6ca371a6b99f16c64798635a234720ad606d960e70dc0eeb44aa73abdecafd', '9d9f5a01cf79e608686ec1988ca332df259b4a7b88d625be22ad9628d94ef8c0', '5adc47195c11a91414d1eb8863db09285dc32d0ab82bddcbe8fb7325925a9e94', '957030571d4bd5f6448424e21aef00ec8c3a1943de390bd32a6e9ab66a92cced', '71f8c9872ba09062379eecc99006574acad5d721605c5d5a210e200c739fdd16', '3d774425baba9019a5d468954449da80f2000e1e7ff9a67ef57ea1c265628e7a', '7decd4542eb20157120a736e345cb40d80c6ad3c97c8ca936211f53b85380025']"
0754103d6db541092575fe0d1d06e0ef112c656a1abbe2e120702c62397c5852,61,True,[],"['f10d0fd3e682611f4a2781843de5e17038fbe92debd1e9c5c127875341b32a02', '56594bdb3cf472dfb79801dc15a570cb52195ea32f7a4496bbd9a39becc34347', '93e987e191681e13ccef6fa1542fe4d3353af25a7547c529b6d5dd7b82caba2b', '8560b9c8e4f11b5fbb8da7336f73f4fbe557876941000b353e07e19faab22157', '760d05988e8307c49e95cf28d52766f682a1af57a4abd2ec5f757c0f01b55925', '73b1269198f7f2322a1d740d2f9bd50824e600b3f8aa8daed2a3d88e0cc89e50', '907a2e8b2b3503a9b62acd2ed1201dc74c45e139431729b8f741328bf2aa256b', 'd22061ea8795d3f14c963d34556117bedb99839194fa0a73287999c0485f4bb4', '3e92330022b733905d3eeccdf7391b25bbfdbcb89ff3cffeb97dbee56a4f56e1']"
133a3fa32e18d2d2f911f750031d432432ca7d00c6db9a6920db974edb20f6f3,62,True,[],"['85d658354034d662350ed9bd0a57988426b5508a0def4153d53f450c5acfc286', '281ca000acdf70fa828e2cb8becfe9d893eddee836d0d2aa8d127ad01a9026d2', 'a6c2be3d1f3fdcdf5e6cf11c026f5fd557d19f219af547b9f96bd5cfb1a14f64', '333c83173f6993e6722237eafab08c3c34a83ed4a3a7f6fe9feab83cc5fd9624', 'e0526ab2ad5ff35b9e8d23f83758b9014c32969dabfb0946f7e312e5466eb098', 'f76a98880d9c3b7b5fd9aaee47c0d484422e327cadeaad9da03e07efb5b6cdbc', 'e22678d1c1156e79c42ad8780aee812a32192770fbcd39cd0edafdb6ec27b875', 'a8f799385db5d8cd65dff1841a84a01cd9f5e2563ec179d33dfab8689b859e29', '5e171a120e671f187c527fa700b565107ffb3eef084d05ecdc340902794badc9']"
d13c82b8f567f7163fffceb1ce77dce28c83f8614d48279b099ed7508bca4fda,63,True,[],"['9152265cec473c78cf34c7d8efa592a04e97e05ca0d00bb2ff925aeaab0ff346', '5f6bb0f713e715e0127e8ab5cf23b57bb6743dbc35c1330ccb0b8f704b739f4a', '37c42a6cb9eff520aa676b70a694400187864d6c1c3222dd03a9ffb6fb77a781', '13273515c20aa51e0512652717764df330dcbad42e58072870fc1facd41c3fac', 'f036b36ec879824b44c4673763ded98abec474ede745bb07ea5b95c19e38f82d', '7f750a32e5a7922c613b1b9784ec09bf0306fc553b247927d2c07feb4e4a10f7', '5c1e58f6acee8bbb26c21f908acc263827c3c18e67fa2b764e7d8fdef2a62475', '0457840f3677ea9915160991be64980560c20e90846bd4c57bf09dfa802e9f81', 'f91a687c004c0f4813b6383d5ad8184fc21eef3dfd9e4c96839ac9c898e96991']"
937c3184c76b1c31df3648253047bcad0b118419408f6485a5d38c8f931d8548,64,True,[],"['55de202bdf4c4a96cdfbd02d43a6463e4685010fe7f75422e0ad015879239b49', 'ae9a2405b2e78ccee2e921988ebad9c2a54db1d5882d4df09a5446c0349672b3', 'cb2c58d4368aed02be9389e1e8389d92522c46b6316df3638673baed22408adf', 'c72b506536d891c73afdb44d40eaebaf12c97d11adfda26694cf882389bb2ace', '0d06d41b5e5d3a8667c68a349d50d788ff6be332a811c4c3aeabd319071fffe9', 'abe51c0e7a7cb21f3e69036204e347707ac3ac67387b8e9d78ac1158236dab90', '39f068b43811ea562ee203d459e91c48743f9b72f6ae410d7a73d9556e3ef1ed', 'dfe04da814004cbbe92968f5d57ca87666c6c763441fe29a5c21451dd886777f', '7d3d6f6d018793e40c0ab28deb027a4de9e27928e8b0fe63b3f3153b30d3dc77']"
78d8d5f285b1a100f98dc8cb35e3dd7cb26f2ccf3c9f680ed61c80ae3efed42c,65,True,[],"['691897165c965a6f35c414ae3ac0453ab9e8910fa161e697c879963c26faf9ca', 'f78dd7948798d785e96bce8da6dcc5eb5bb708ecc1fd730415d87a8b4683ea3e', 'ef1c9a0fbb3d3fe02b9901a577ffc38e7c9faf7618908ea304ee19ed45154cba', 'b3b9c5b4feafa4a118fef6963492a2bb0ada272cec3597fa8530486d3081c641', '2c6068f5d62b990ae39bb10ff7cd2ec75d66de9a4757df40572c0511b0ef39be', '5b9f1b1709b0a013d1785ae4ba633f393e6a97a68ec9d4fb7c5fcec203f8ab50', '62eec224a36e7185c4a7a5698c124f6e25470e18746fda88c814ea4ce4208024', '5d5ea835eedc01a4f0a647ebcbd4ebf16d5e3e65b1311691d60161eeb9117ff7']"
54a7d047368b80df2ff5de8a87257b5d9301c569fe9a6a2388c9a5adafaad579,66,True,[],"['c1e0fe6e5af141a8d4eb3788a0715ee71e58b0267ac714900f6ec46cafe21c54', '9d19c110501a05069e15e5090aae63cb60ac7b8161a662dbb127ac714d2eeb3e', '6759a37ce46cae0e05898af734090820296b9a85ca1eb9e91a4ccaf810bc5e95', '64fd46b353e5273422c06bf2bfff8895022bb3db337cd0d72b6cbfb0b53e9ac4', '051220eb970545b59554834b4a0deb9b87cc356500435a47776b80c917cb9bd1', '4e5fc12656627bebc453650ff9bedf085d14cef84f4c1764c5598389afdd6cac', '260acacd8ddd3cf8bd9ac5129c596a9de7f976e58dd0942a12c560624d5b716f', '87dba4cc7d43b7c040d3c75bef0042841777695929a2790529163d1d0b207ff5']"
b9e32a57154bfc8bf7886e78ef151329315e8ebbeea6347ec9b737658ae629c1,67,True,[],"['ce66f9a92890bb4cf94e61cca2119e81164d35a787e55fa67ad7bcafc2efa3a7', '9347fcaa9f57db0636a066df209a6b3d324e1ab6aa32a4428e220614f6e0339a', 'd7cf7f23c3e41548aae3368c00c8b651a803efdcd1802b748997d01c1454fc52', '13d610d67bc28d80c14ca61202839fb307e8a60bceae3f2cd10d318775abd36e', '866e42d5a62d3350047ca72b570955cda06ea411b61ebf204421ab37cd437176', '95ac941aa331b4c3c89ba99163f12986bfa58e8c7795a06eafd426cf89834731', '9c59f2ef5655f9332c7ef6292ce238d9a4ba1d38832b18930b2965eea8acb497', 'f38f9dc3e3c13c63df6fba92947a082701da5d144e0fa0af352a1346559a9ad2']"
13d6898e4a145a75b766d91ea203b29bce520cc9e6ed2861311aa4ce2d41081e,68,True,[],"['f29c7741904a063dfe17bec7bd6f9d463cc5356269f26e34f804c59226bcdcb8', '0ea03f301979442640a105fcebd27349b11989020e90c3d4431dec41f2f34177', '48a5a8b6d604648f8c7d86564cdd477f52c7ffbf54bbc24bcd8bb9c691c69471', '9831a732ed8d8f1b5a10170449cd4d13aec129ebe5450baae6ba3c92da8bfbe7', 'e2fb0ca942ad8433d73b1ea2e3aeb76aed0bb3a6f5c119f91d5054986f9df7f7', '381eb5dc4c14b22b39532a44e49f5c9af9eda0c13199f656ce183ad9d161518d', '1e1eeef55d16808475319fa749b01b28bcc757defe16c0b53b032d0d13a3696e', '7545851ce1065e8d7d09807d12f859b44424f569565efe4b3255072ff916d855']"
531da81dd55d8be58050c09eba44774bc65318c035a1c3118caf664ae3f41f0e,69,True,[],"['802d30d263177d4cff401d075c071028a991ca4b9855a0e3a5f40f856afaa2cb', 'cd843cce90ef60b10477c3930c821c99a866001e09ecca0de1649e860b6bfc81', '5696e7a8471523881311c8efb4631842f7dc65614e185aacb775db36852dd793', '355e37461b9a7fdc7e6a9b7da924cdfbdb493dab88059650f0077a10969db04b', '07e3fade61eff4fb550db1c2abfdfea06a885dd19487e81673de608d5e5899dc', '8bddb81fd3e055abd08b4aad3fef983bf0790d574d702d8c29d276a9d9dd2f42', 'f1bad7b361c8657cd3ce5f05ac27e74d87774e913fe9523b20fd00c64d91f170', 'e83484f9fe091ba95fd434ab02b8d05a92226acb55abfcf6a8ee16044110e289']"
a79431f228c3336b0be1d80748d3f3e8114d98064b31bc083222ca7fafaf641b,70,True,[],"['a36d118494401a530056a52616fe579b7b5f2ba22e64b0b8545deb28ff1ba066', 'a43ea98c43db02ae0d1cbc810182b7e70b7449a4d301b9b7cd51be8f3bfb26be', 'd1da1859adc7ee985cae6c5b27f2077626d975604bffe7669c1737427caf40cb', '03f888dcdb1952217da53381d5fa1e95c8cda546a05dadfef4ccaef53385992b', 'd2f5bf1880ed5497d08b36ceeb6573ac4e9c6dc2a73e9e5b5c23acfab2447091', 'a23a8aea48ccc0531c90c5c9d8bfe28543e075669b054116cabddcb2f9ac908a', '90dc40239e74d400716807f9559b1ef3bb4abd64867ebac8ad041750a00d89f4', '2dc50957e298100c51348108dc51439b08a4c1a560989765f781f2e3c6fd4109']"
38badc2a8265bedcef215b2aef63e1514f11c24634aed607ed136771dadcc032,71,True,[],"['ea0422aadd08097e7c0343df9875b0e96011622f30490001ba24b64f31585959', '73c294bea6eb5ec38a0b0419c5d6f2ff53e964c6ad8e0fdca26c7031dac3fdee', 'f72b25e949b82558c6d56cc504218ecf2973b79458cf0d567f11493319e22828', 'c1ce22b4cd0c979b54812bb53637ae119ca89e8112c01dbcc71566789edd85d8', '11e3970648bd9bcf7989f55fa92c4f6f09f0f1b9cfc3d501fe1976e2cd61d968', '0f81aa464615eb0cbe04b0aea7c87d9f4115523e9d7f1fa00145c5d2993da117', '7ce40497985cf0e21927e117b22b4f6563f0e788febd6190aabd19b991728d34', '489976b729ec0352ded7a71ad05f6f0b659f862d8330496b840a22d785a6d6f6']"
66f0ffc8e815137dec663ffccdf7aaa3ce66401bbaa6a0260a1fc6669b371b7a,72,True,[],"['f6807755072156bcb2fbd04e2be42ae93867609239f91ffef5aa639f34d2bf8e', '0e736f51b7d973dd9d840c76c093b946fe0e7c4ef743c15bfbf1b7557e438c2d', 'cf9e8d41623bc1cac8bb753c3a5be1180631f8c393f4f37c335f6306e9f0ca82', 'd16a2094e4ba4ab6493992c00860c008ecf698166fc193e61b54d47305673fe0', 'fcbcb97c1e03caa3ce4701900773199d36b7321791e97c2ffbc61ebbd47cf453', 'a8103a7a2b0dbc610de79145a7cd59ad6bc06f0871391dfc3f0d2ec6d432b879', '2c4bffa8239f62b637a4889d2e16c1e8ea9ae8e3cfe1814a0346ced990bc9235', '13a6157757f922df5911b12675aada8d699b834342e06ecb316a7b824f2bd97c']"
372be5462f5965d41738d9ca056618dd78caf413ee5b102a5adf991f75f4f515,73,True,[],"['fc5dbb444f5bfd607aa6d19a9d4a0115c1856fcc0ce1cca777ad356ae934fa1d', '1f02ef15e92d92e958b58d6d0ce51474cdaf03ce0bfa8fea5ab3cea0f179ea2a', '1f20682900cb3ad3103cc38ace64652f4a10dd660ef4924e8c1c7b402931c402', '9e3ec14e0c20f07c7ccc902048805e8fce33a2c2abb4879a7c218c3b6b1c36d6', '74b692427149a68dc831534d9b575a65a783780876e39c8b8fc80d4de6fb157f', '2698bc3361e80b18ea580111f609d36aee33e0dc6ce15fbd9e7e3c1a588c3f5c', 'cfd4ab2ddd1d0ad510ecf1a63baaae6e5569e96bb5d42c0735389cddc97a00f1', 'caf95b972f70796655002cd516221a1ebc8b8c5578201207c3b52641a67c7766']"
06aadbf9281d2795d2b1b1d4f1d385b46cdd5c4fdae8e986d476cd886c84aea7,74,True,[],"['d063ea2e972745ec1153dda5a88bf47dd20fdead57a2e5245d681df352a44e76', 'cff3e33cfefb0e76b106ec8792c21ff03dd4746b2b18d2453d2f5069e60ab694', 'b4b44d74ed85aba425b381178231820902c382e45306cf20aa51e91da430377a', '9bd1dfdb81a789285ca7db4ed82086f4f4c19c5a7c8bdb0484d0bd8428ad8ca7', '59b5c2ddb03bf55bc5a9fc469bf09c192a11e521f443bcdb4bc54ed939a9adce', '738321229aff6644216daf4aedccacef0982ee1338b7a62464e56c766949ca13', '3f2f43e96da4450cae8f2af22582237df07afe3ce1ba4d57150f8a8f4ebf622b', 'd4f87866803b651c18898559b3848b241c1eb9206c70dfd624353a0cb76f84df']"
e505f46834955a16d5a6610e01af78b1a33967fd9e8d2801aec31f49a7ddced6,75,True,[],"['e6f1a414298f2ab4d476f53f5abe4c2b6c35a952f16f7a44e522b81bced37f55', '9953d384ce821034e94a4c69e69b68730a1052f16a21eb375a3a9c04f3591f78', '237745b5669f30bb838d6cfce1266e5ecaaefb9ce3a9acf3d7fb598e46f40a59', 'd03a93ce94833dd6a47f03d33ee9393b2ac7bc1b79ae5161509815a595568c42', 'eeb841462693a2dc1b40a82d9f8b92aca247ec51363654d68cc080fa76f97ee6', '17935b32194cb1519ed3e47b5ed05b3b60f1894e482c0e5ff66e0fc6977b973d', '97a41a2bf82b5adcaa72b8f5436692b6e880a4badd9d9ab4302007bfe3a0332f', '291beafc9784b26579109ced7e7f510d55d9555faafc312d8e5d021579d2f181']"
b0e7acecbbec958d1742976fb2a1ab8a9151595d38a17b1b2c6365f4363b40f0,76,True,[],"['00abad6c7bc2d53e1bad967fe81571a7ee7eb5e632fceb7e7e34248eb8f1f326', '549df35b1a8c23e9dc2ff4e8414a2e5750f275f93e380b634b9bff3fd9563037', '84c809a55069c1c562437ea06845f5236ae2cc86655a69d4d7c2b8d8ead8e737', '67083a1c86ffb904c9a380f1c4b75df3c2ec40e6cd15c3b8e26c0acb7b3a48d0', '666628f96574ea8ae024118d64e40bddaa94c7ed5cda91ca51ff986fb9a52f2d', '181878a5434151a131f4926c521dec314dee1429d29c7f1b17e5a0d10b85b409', 'bfcbfab8f52922b8cd9df52b742612ebee482f53106695ed8964434872059b91', '38c516c5c5937d95d3550d6c585930330191ded82d045d142ad5fef245a3c7c3']"
9af5cc5c772e2b7625e80737cac618fe90020379f9505e59b3921c34a172c36c,77,True,[],"['b81854c30e1ed2fc2499cfe146f592c71c92e3bfe1a3532bbbc7895858083baf', '1bfeebe8e7128a0b3e34f0a61ccca73bdca0d691d60d360a4f78e654c53fdfed', '9cb3604fd77370098e23b15e906ef88ca0aedb646260984fb6ef532020b1983d', '0aa3112cd5dba544aa7032f36964cd08664e3a053de0fb6dcb353d6a095fb1d9', '3eb402b9318238df3a53cf7f2f235894e531ef2ff04330e794ce708ce225d1b3', '6f5c80e0e3e4b0c22c6dfb52dbd0d378e6864ed8981b3f7265a0f253d1129abb', '1103e54a2737959a27183f8c1ec813a16e462208180a1c9f8528d8bc77b6b2e3', '2461159d07f995f73f5f379fb7d07c59734678ec30bebb7c9407dd612a69bd1f']"
3011382c08fecb46892eccc5887af9a0bec8760535062f1a2be6f78226037edd,78,True,[],"['ce80fd61b5bed252c702fec47da40a3b94b036117cb05c9b4032a5ea12d0d170', 'f90ddd6356bf823439eeea4b539937db4230a32b475043b0e4e15df55bf83dae', 'f89e8952cbae78a8f56271809f1e66b7e95cffdf9db27b6555307b811864d297', '8de3effd3f4c16afe27e41e63f1d81047e850acc60c412a829f49d6dc86bc8db', '3ea63039db8c43ca86bb09582ca2ba969152de1ba4e9363ad452ee556d4d5e9c', '8c7a6b9adfc1eeb70a32ace65f4e834b239b3e160322b18c83e2dd91500ac0fa', 'e8e4872d65332c0109d808cccbcb265082b8af69f9f9f05005366b8939181217', 'b82a27571566aba8998ffb75725b95f41c21443fa84f21f9c31a8503db0c8a3f']"
e2c44a311e6193b9cf790cf4ff6cf4e895ced90b3d0ab79a124a695dc1eaebe9,79,True,[],"['0e4199702f1b4731e7ed446f3233a4c511b4d2c8dda1927473cd9c41960a8c93', '242b8df6649c251da208aac1888d8de37b280ba07c8b36248980408410ea0a15', '0c24a1ad5e2a53b4f14ee8db04cf5609fc40843ff62f922c9a11a6ba25eba263', '4c002ad3696be1f94b73e3bc8502c6c29bbf95a31b29a86802ba50216b29ecfa', '88112b50efade5f3c3db9006e0eafdf17c1349deff575fd7f0f4a6cb0bb2513c', '896fc31b8370c274b9c6898562543577fc9c89b5629468939cc3fa4c69e579c0', '1363b3e3cfc7c82f0844a214af2c3d94aabd5d64e5d81685aaa734ccc28ceff0']"
0e3bb260ff112412a272eefa21811f640312fc5104a2e7088a018d4839ca22db,80,True,[],"['af7e1b54515bc33086d369dfc602fc94b4bd7bc4f400a03b2fca4485b78e153d', '32fb1b68f8785988eded16a97511da5a3d2b40ca224473ed2811aedfa40534ba', '1843d7a4578e886ba8025c5c2803ba1acb59740a3d7491bacac100b97b9b4bf3', 'a88de2c6b6abfdfc19c08e5e3f3f78319d25cdfec7a26081a4bfd562d024a6df', '66b703d5e9fb2d9f52787d703d6cf4b6f201db79d0b8844614e2c2597ce2b951', '7d46b82e9169cc28975970e2f0615c8064e2cff7ec6a62e33d026b7e943c2049', '724536d11b9e263618213ad44c877277c6324d0f523a78aca7ea4380445b5ac2', '4c8eb08572a25facd7ce81dca3823e4de3bc0866633e864816efc897d4ae05d1']"
e49fb6f96d1de6fcb4102ee7120929aae70764dce140df715d2a77d6060101f9,81,True,[],"['ded1623351a9b9c115753dbaba47bcd07e0ce6332831d592fa05870cfdd3bcf4', '15e32f3ed7edb73af4c147760a4a2fad7c3ce058989c6a0bcf8f74827146368c', '51a9853b30d1a4686ba36636048dbb2667bc6a751ce60037ffa641c2111ba216', 'aae5aa34f0feb8366706de488b3a320e0a6cd04722816fd5266e7bc2c64e01ff', '136e87d44fe53a5e360038f95d36879de41cb0691ed93a940c8855938e0d9206', 'cab0b8eb0fa0ca1fb57914eed23cc9e5606a1061f32d761b361efc7edd12776e', '2ee3cc9a0cd0e2f3b452552b82b03d06dc7efae58a1dbd5f7ab3ea7d813d8a2a', '011b6d98679f29adc14d53d4e3ddee11e6e005ba263b4283119c796a44b88c8c']"
25cbbf2b5a264033d774a2c709ab0b7a664a46c9a0ecabb9c1500100f92843b3,82,True,[],"['26764b06978e3f05a59a39070562a15cad717fb68e9a12ecc19edd922a742773', 'f461d0039353a49586fa70a493d23c005e33a95e7e9b3c9602faf51b3f9e6669', '74a28bb78d2b2ef9dd8573a0018a60e2859b4fed593709f8379b0272a745eeb3', '8f363f39ec5a7a6f4f59e296363ed49c30880be0ffdc704b7f7e0cd18efa9913', '3b4fdc6a5618558c669e02186982cede36efe0f70ec090e83e6e5e41dca5e4f7', 'f21e72df84da0810a364f5994004f3070b5fac33a4de2c8f9a6311439d48363e', 'd300244a65ca3ae28fa15a0559f9bf64b147590fb7afc6f0a1481ff1c03f2f6c']"
f11346c90be1630e5f89fbe701be903f2ced5b69730ea3c19cefa558a133ef77,83,True,[],"['9da3eeeb8a8b46985af39fb9669350a7453b2cc37512559c4030e1a3739fbad4', '232a6169938266ebbe42321b261074b720559ee40ba36e7db5260d4056840e84', '652f69b68090b092ff6dd2a34fecbc5a6c8df96b39216d63504267bb22f1f816', 'b15f137cb105f4e4b749bc1fcf70c77e87148ced609d6aafec5745eae9412475', '158d30ceab643cd29bdecb05152f30c89052ec4fe6a41bb830470b49fbd47df8', '8571d0a9a4b4a098099af40a40d8878c0ff979ac856453e5a78ceb43e3d055df', '24ce1674d095041d6bc922f5eb443fe242d73268551159fb8b12e3abd725d4c6', 'bb233f68d6342383a098d9ca3ea2a7d45d136a4ccf523367ae4c8b9e4e8effa1']"
6cfd914eaec37b1b913239da01d5f3580e781084e6de255db33c2ddb29750e7c,84,True,[],"['ea2994af807a989b35f43c49c34c7a9f2c02fcbc820af5b0b84dcf863ea3d7fa', '3b1b840e7178546ed32d44ef4ecc8b2fd82d191ab98be9dd5eda22f5a8b279b7', '283b5440077ef67a66ddfd720b63dd5d1987502b63949673a5b7fb37fac5872a', 'da523ab670990558170f7a44b1f43324cbc4d27d3271a17c43f17cc3d9f44e08', 'af4f45422dd62f0cdef59acace6f7456ae51bd0c04a30c88cb323e3613195fa5', '1ae564a43a5191136c64f2071a6544819c2a1e790be91f5d085dd54cc9a816fd', '1d6de63133eeb2ade51dc6d09dcb4492cdf212465dce4e3066d72d44b6b72875', '6bd6c72aa1b93392863194dfa36056dafada0298e76e85b1a779fd98a1e5f1c0']"
9a3503de3702ae6c354dbb36452cc05de69d6eb7d6e2bbc8860d91e6c89affb9,85,True,[],"['d361b5400bf532847a1bcbdb316ff4aa0d933c7f853f1f77bce84fb7d020029c', '2f4c7468b0b856781bdb4f668ae6bde7e34a8d0372f853e87c3b651206d91739', '15e8053d8a506f17545a103f3ac4d85a65d4598bec39a21dd1c040809791460a', 'd60f4a3f1e0136c64201c2fb7e2c7ebeaae61ee9d06232370c3d37569b49547d', '59454766378216b9a4a7b17cf0579b08173f685589052085f5c4aecde2c6ab9b', 'e61e7ae4745de6efd5e1fee1817ade8c6f38db69bb5da1797137658275c35b4e', '59e5151d557e58872ec502ac238628bc307f7e79e91fb80630528391d4f51f28']"
6359a200a2a53132688a86b10bb066a4a343f734709f7706cc1db99a9094f637,86,True,[],"['f00196f098b6e86184c2a74f572ad1b3e599bec070de4274bcfb0a69a9caa2b7', '4040938c4902374d5101d549c0c84ece9b7a06e46ade2a6d9e98fcfd02ff870c', 'ad87f532aa9789f727736d03bd1f7a93ae6efdabf0f1dbeabd3a6fd7806ebd15', 'c59e625ca32b2db83838bb773f4879e675581dfa008d8e10cb8562a3966d51c9', '2340e2bbe33c8474818cfe790254bdea52e20ca59148e90995876b83c6af1186', '19a15ac4a074154fa960159db12a4933b4398fd3688d64067b319761bb3591c1', '7084c1607fd245bd8b2a457dbdf4d835a6308b990519ee2399d8a573712cf0a2', 'a61b754609156b42fd4cbf58cf641fee573ad76164fe471112318d419a461c52']"
8792baa8c832d6b526903f39fa84db1be489a8e5262af9eb98c5529d43a297b4,87,True,[],"['ccf38e54f98ba88208a1fd69342bd792141c3e51dd71394c627be69febf01baf', '828cddc8452738f5413c12d23d73516d7280eeda9572af386f323ec68adcb6e9', 'b5bb7dfe0f4c33d9dac72353ff95bd7fa1aac05c60612053b2163d31bffc4ad0', 'b49b5b896b802401c14346c08a743e42a66c8eec62b55abe89d8a98346d7a670', 'c3cd9eecf683b7a5898efa8de70bbbb6ae1ed62d56be6dfb133987bf24461fda', 'c95cd00a319dc5f31decadf13ff5761ec9de8f7be2301d8a629773009f2d565d', '0f75fbf03eb33188afc2c25d39d48d23a2261518c907ca65016657c8f0720b4b', 'f3126d8d121ebebbe6a26ed9aec150f4ecc59d8c9544f915b05132ecb748a8f6']"
fe15e91893f22653edd4c3e1ca908cdddbf939c6a3ebba50870f63ccac4b98fc,88,True,[],"['ae59d4106f956d840de9aa1b09aeee29685039d08c6f812d72db657a59458ade', 'f35796f5cd48966857f7efc98ceef90bcd136f6642047d9b0b85ea8878951106', 'f524ad33191acc4609ea9e08de78fda6e848370999dbb35f919fd0d907649e8b', '4d0d697a9a316a7ef46f8d9374ed4b56171eb8e2e7b36d2a52c7faf7ed4a45ff', 'b889ccdc8ef6f739ec4f780ba7c3e176cca3ba849094831cdea7c5713162d927', 'd6605af5a2ce852adf40432e86309550177e1530ff8fb1eac792e32c0253791c', '08b905461549e1bafa18dae36c7f8426cfbf8a4c6dd14b67554cf60da6128e69']"
2e47bc0ebb606f7feb5491e52037a27f480cf186d6f3ae201db17baae03f9b89,89,True,[],"['9869e9a3e552a5ec2e18aaaff2c181e64d331fa7ba54b58ad2cac39c3417cd87', 'fa7d246d7a5d27c8673513da0b28ff635844983b985082e6318583e6ddff19fa', '2b427e211e18845f4e1d26541326f5b225e0b1e369d8b617e8e4e26927f21030', 'f6ffeca65f291f9c910aeea827afc830b73aff3897978e4ff2521063435b51ec', 'ea7772513453c9411e81d8cbed305fbd56cb4689ecbe58336f555e76660be702', '37e6ce5f3e029697f9a169a0c912337ae01eaa734f1c371b6f13aa9e1545a59c', '00625a15e65a0bc58cef69f6005b1439ebcf7274176e21b3664af85cf09b3e5a', '43e41a9c531318b72ef2e4afb2fa481eed46d36c72cb59ceae7da4e99b329364']"
c909d34348a19c34412f0722d377085d660dae0423d3df61c02ae633b8b284e0,90,True,[],"['fa5c293fb0809008537265e10d77577f123e0c4d06e9c72be74f933b5428944d', '6c92cf83e4e5dbdaf077c9063a3f11ada62dc58037522602e123fbd600c38f40', 'e26b447f0d2ed5aed98d264fc9c0ca78b56df9a794096b440840cc15faf2331f', 'f608d1a658215f25d67d84c91f9b5cdd4cdfd7c7c5fb60ea000dd2d97f0220e8', 'ecfa03200f17b3407dcdd00e5c6944cdcc36b8916d4b2dc6f9bb0c97ce206ea8', 'f3bf075f4647c76306fb0393497fef18a708a32bb07c28d7e16f5623f059a17e', '2282202dac6b1ebe72a1804f47c11ceca4fe8797f2dc443db02b536f1cf0711b', '577436979a7220b155160b13474d89b80294c11744cec6f32f7f526fe2669f33']"
c6da3f36277a528d433ab583033172443c159e2898f801cb40dfc36c0acd5af6,91,True,[],"['8197cb9b45f34069154210827c049238ee7d5d28d2f511406520fba89148c7f7', '821d34a07773a48084f23458e21df06200c3c1c9d99f0bf03a9e659269de24f0', '12a303293152b2256408b6d89d9c4aa907b26f8d21bd53ec9cb266b8b91e3644', '2dddca6fecc3fbd1ab1729dae24eb9c6d05f4e65583a8cc4b6b2762de5d2949d', '4c684ff8455197c0d28367bf22c1c467bea6b5dcd40c48d6e10367afd87bc9fe', 'aa6c7a92a8fdfc47a1b4150214f3c35a341b52b532c95a0c88b55f8087682389', '37e2260e0113cd910a3f9f1f65b803dac5d439846ff059c48769ec200e201723', '040a63b815bd7287dba045dd74935443c729bd1897b7cdfbad8fdbb55f5ef167']"
e0bb69f4b300cc7614c8297481c2048be84b7ec471508b37125e7020fc4deb60,92,True,[],"['642578e43cac836fc4a2716c3fe42bddc57b2c2b795810f4eddf240661082202', 'b0895343add3fc39ce1b80123ae7ed9437a8462043745c7bf756bc715105811d', '3f9e7307e0f37eb00d296c5fc900949743074d46f49f5be4b8f0183497382fa8', 'b31a7949d4b72a63557eec6e9efccb8ab30602cecdfa0cd8516e9c4c681fbf74', '5b8a829d57d40d104c96e705f3dc87ba76a732aa794013b1253e0774158aece0', '144037233749f9141afb351d851fe0a9a91443ef733d054777d8384415724ad2', 'b47e8c904b16528a9da088d932696b1496d93c0e43fa3db513d1338c3d105d63', 'ec05ed523b4417681a8287484b04a2683ba36edb97b68970da30759bbe238d17']"
714eed845db26dc34e65f741cd99042dff997c2345b688852b5de15c02000228,93,True,[],"['284e1defc32645f06f811a74ff28b9a118b1f6e7c28a1ff54a5e0692f9d983e6', '05721b53a0a4b35bcee9865378066cbebb4f71cd13f336da728840ab42bc9c92', 'd4c64439061718669d959a5b999d4527ed08820f673c7086682b3e6a5a473d14', 'efe9755e5429626b6e4c7ad9bedb1aeb6781b5b870f3183707368ecaa55eaa81', 'c98f8bb6f9401afb432056ba06e3f7ede1ed05c84f103002be959b8d05223f4d', '521aa2ab9903e5d75b716e58de7567aa18f1e5fe1c9d022d7fbdbef0c7255019', '05d052683dc7374f82cf616abccfd19f8454b0833202950be22ccd394bc2ed90', '1f592d4de468931d530f29e2a66a92e5c25207b5c25743ef96f3395ab8f4c9f0']"
c8ac69a0fb84ac3ff5ae4ad6245402d621d43339f5f95fd16e6ad1836d9503e9,94,True,[],"['a4aec2548a72b4096b248be9ea9076039b4f52c2780a7748e3cbcec39db744ec', '8c3ae2eb263e6cbaf2834c9c1d3d9e9b2f984c03c60bd4c643123a3b74c50c2c', '014cf08eb19e8ef5249f603952175d7d31105b8f843008471f9246b36792dfc0', 'd17dda57634e172681ec1ea4a6b18c6ece88f79abf6ea00b80e84c747cc8d65f', '6b8a3e9e7ca3bfae1472d9fd63ccfa9ca06dca40fa9d115cc864190472cdbe55', '283e56386930bf39e0207ce74712f9a6da0a69d334b586f7dc988bfb1e1c884c', 'b657cd020c43c58d4f9a9d76353b81a5adb063e1c3da027bceb4e3d5a95a0e89']"
a4fc4d5c240d02f7827c2bd6fcaa4d2cad3d55cc8d519f19fdaca33f563305fc,95,True,[],"['4be2471171e97a52f7b7cfa6f690ccf44b28b96a6b3ea7acb64a6011b7181b47', '86188cc9cdbaf120d54a22c45392be5effb1b22d73b1fb68379393882bab183c', '154b548e8a25e87c80fec6246ddacbdc7da96da2243b19e65ca50a2e7217ffa2', 'd178d9838a13f8e710959fd658cf54ced10690815032bccb78d3d7e5e3f139f5', '4ab126fa3f754b79d24f22b0fca728f37eb5a06dc9981d77d5883dbf256a075a', 'da771ddb0a57cb48b67844f94a61c0fea6d48ddbebdb09b91e30f880f2c7b415', 'ff6ef5cdbce85380327871dbd5f0c94c8d4140c657c5924a60a7ea6d59028c7d', '78f29ce6d1d2da80c87a6f7da3c6a929e163513af702d7d7ca0aa878c3792751']"
dd177bb62a3d8425a7d38d262e5a82793b493253d003a7c025e5432664055c8e,96,True,[],"['b6dd468b4c8495a57f4fee59ed3b6e16a710b4898f00618db7ae845c559c1f52', '0f791c4a2e683772accdab305b6f1c03e210b1a196e17fbad684da7d6004166e', '793ed5cb5dbad4e93d479882a7173d1f1fbc9c3ef157ac783294a01d6199bf81', '25cc06a885ddc9f8607db74525cb999403acb35ceff393319c4858b67ab78cb6', 'a49bf9a443e305f599ed8f345395273d9eb5bbdd3ce33d0bae443eef364cb262', 'c33e7c5a7d848ea7827bd556e9f1dae653fad891d6e3c3efef8796460cd2ef31', 'aee20d4d45884175fba4ae910ed26bf910637c52d235b1ea9c13b9ba4ee846b8', 'f64fca6266e688d73a0b8c4a03077fc94189464f142c877b6c1e5c627068096f']"
12ec6900e447a711aad9d7d07f89ff2f1d3775909e807bc57aa0aae3dc061516,97,True,[],"['7e1440a74f04eaffcc426824fb689039476e309d9be83837b3b8ddc5a4c9df1d', '2aee678d9ae3ce1657742a561a152518e4c611d6d50917092fcdf357ec2ffe21', 'd47d38366cb069a2c4cea7c703313e0e7ac1e9c004621a30ca45b4786c9a7200', '8ba574be8f5c8b7930bdac5e4737a3e671b96f7872d19deac277e1da38d13079', '303f8a9a37924912fd90751043578195a1056a1bc53a0da6fd2d9d1956f002c5', 'fb6e2209822ee44ee8f552bfb1df0b0ff62408735990ab393be1fc237f82b231', '9cb9b5cef5bff0a924d3a483ab362f9fe72d190c8893ed50fd5f443259f0d2a1', '0711c0ebd483ec76baf636e0b227d8fcd132f8497f688ae799fe01bac590c636']"
dc14184d71ef1bf098b8ad9d874429553d988a63f8e7ae84bf79c0e7b1b8066c,98,True,[],"['a73a1be8e2364ec6ea83b7f26faed974cdd08c05198cd3b767ff6aa36c8676c9', '76c307fd54bfbbf41a410447ea20058495fff876b7c0a59d3a7650048d2f9d12', 'c4c29a678d32dc3dd8ffe3d68fccfcacde0acb65444ef027aac9023dda7de9bc', '5d4894a03bec2dbc421666a05cc28041818b07bae3f27b0d2315f030f5aa47c1', '7c86d3bee34a4ed6aedeeb8b3bbed37a7e190b7ab33c69d1398406edde035e49', '6b5d9cc4a95bfec52b1d390dc88145871447366381ecc4bc80472ba76c8ed1db', 'dfde47fa14b6304bbef762e0d7531d291dbbdedbdda67cee6f8bad6c3703494b', '55d9e51bfb4d4434aba6bc3a7d7f37f265eb256295b682ca4bf99ac143eeb2a4']"
46b3ba3c04869f6e581a0339b1676a0f5d64e6d0b1dcde002b742e9833b01b59,99,True,[],"['42dee1cfe06066a5d47bda4dec05c5602b765b23ce9fff8d61365f0b43d9d43e', 'cc8e7fa8647ec199eed26fa092d4378c4090f9676e2ba3447f93bd09993ade4d', '9ae72b46f7b4b51503dfb4b058bc1286f81865881c00c664fb1937855b40a779', 'f243e5318bebec869815b675ce94c2fd334e2efe44c685d70baa20528f19230c', 'eae12dc34a9dda837721435e7912448c6c11d3409c19f0e9f11ad754ce64216a', '648673a5487834a6678b2ae9d76b12df12ad1c896152298c6118c235bd1c4533', '6a990a0760d8218c29f64820694f6159f2c93f09bfb3298a3f096e159977f0a7', 'ff39da6b050dbed5b0e7d3104a27fea30d5a72059e4c4d3dbc1efbdfbe45f8ca']"
5cea03624b460925725756f3c87dba7038ed7d1788be6b425a1e26c61b39da1a,100,True,[],"['c2d4ab6139bd66902f334b93300795b3b16ce6036d91f00cfc14d7bc0780de8a', '30d03cf6aee6ab2125687633304b46c30a340cf6f0464c3e6a281a4ab5116a03', 'eee6e3d7e3874742694f6d5a0a62d518aeb2dd3d6152eb03fd89de3b14692304', '17a71e16f817881f13ed7946f01a9195e7a4333d8ae28fd02e80319dbedbed5a', 'be9be055f50f028e57cd4ae643f888f63fc0b9af6729b1c51ba7a387c5e95def', '9d8ebfbe32dac1e4b4216c8d87e3eed742e548502f9731637ef86deda11a526b', 'afb9692b4d201992f250739efdcba2831ccabc17ad4d83bd6045c42874fba74f']"
7644c521710d3e38df70bfc4acc4b5292f911db23dfe21a60fd8a2919b53e28c,101,True,[],"['fb3c246d8f0c681474b3b26b519174da4c8854f68a5a850adbb64581df3c41d7', '29b3612884be2241cb51462bf96e8aea8fb4c9284ebbc609ac3a171f7fbd40fd', 'cc768ac11a686e6b389669ce0907ed5f637af8b852f19d8c6bfc4c569a399efb', '53d2b0f3bc8e195d17f29e701138e663d968a705239893ac819e01beac809b22', '08e3f20d88dcf3d44cf87d64f6c9ee295f069b360ba3d40167b38c2895edd996', 'c744c975818e2cc71fc23dfe57cd97231a8632031062117a1c93541303b52a25', '3b9a395cb5f24012c8b15fad53d99e1d455fc600d87e0f406199e6c07396cfc7', '13b68b1825bc98afec04aef7b3acf214eec39152a8014bc42deca017ce6120d8']"
230e860c3300fb309e97caab5d12f4f88238a6a67cdbce587aa54487d38ce68a,102,True,[],"['c66b3830f12c98b1280ee8ea4f0ef016610c60a96d92f51012096745edf47b20', '0e4341bbbc80c2a2122a25f97782185319e38116e033965c34f0d0453dfd687a', 'b2b9987de24c1252413e80031dd3a795e6873edf6280c0eaaa8db025bd8029d4', 'be66d085398ba950bb572e803d097358f74ec31e879bce930343ecc9a5628597', '1e1a6592ac74c3a473f68b6a7f5025e8241072bcacd5f0acb100b11d1385e421', '99a5fcc98cef5e1206f97885bb01a77083f04de39608b4b8aed9949061b6d85d', '6cba5d5510d8aacb8d57203009c05f46f6c3792ef2e18ff48b110bbf0d65180e', '566821d04b4e7b628c1fb88b1b0708c8d307d2f9cf18d78018026b58fcb03821']"
f06698f760d65ddd005c71bac8ae8786c805a59637fa14a4fdea3759f0a6fbe8,103,True,[],"['da1a865c06ebfa12c37c6e01bf326c884dd9e2ddb3df5da210ecb9c44e99f90b', '47c2ce34cbe2911949dad0f7a637020bbfd307307456972b1f7de2979a5a6556', 'e7b62ab8f9065a31f7a5c87a67ed04aec5bfbca989f9762add0e319b75b26784', 'e2cc598320e891ad9fb625737c5a5ab7a6129c95b9707d16ed61f8bfdadc5dc4', '8580dd724bc484ec7aed852a8db8395dde4850bb0524b5cd938dcbdaf5e278d9', '2331bc942db0ed3d54ddeeeff09b106af7b7d7241ca40e09993c1c38860b4dd4', '6424d77f939f6c01dc819e2ec31951060c8b730dec6f3a53cd15a111090d87be', 'fb20e1865d2af9dafc8b16e9466074f5000bc5df0a95c077bc8b78b578d6d1aa']"
295015085c6fbb57fc80e6192423dbcadbe201f1f8ca2ca0184edab290300ebb,104,True,[],"['66eb6c1af3dc1b0d74f2526d99f0866a6580ddd5df3556cc6876fce0f6e2ccff', 'e72d19158b4718293b17a8820e8bc575dca53cffbaf788b2fbcba897d8d4e768', 'd69cd805aa97b05986b8a372a193ec58a3fae04ee833cc6a3e98525026ee2250', '25ad755205ede7ea9a2525d670001877e753d5dc5e6833babe7bfb0ab2cccd9d', '9fe69535c302f5ed4f46a4192213a1b999a376a5b6db68dca7270242b0bc8462', 'db495cbc0d34ab1f704f4a76c6a7fe4b424a6d03b5b581a1345ae1e743dd1de1', '953d48d219a7b27498d292b8a95ca60abcfddf1b7eafc2c48691bbf65305aecf', '31fa7004b8cb8cb99a6cab8b33217becc5e7af4a4cfb96a730236b7289c2bb09']"
da2876fa770bbd27ed3337d60b419bf89969e5cdeda4e2448e10242df7e89ae4,105,True,[],"['61b4367bd7265d16574652e05df8b6e94cdabc17c8ebc6da147fe67f2ced83a3', 'fe45a22f1b15ee586b1e14391656a1f404312baf67502b49394e71aac79bd3ee', '3609c465788c479911ec1965623d63140f3dcaaa964cbae1693aedb212b1115b', '136276e4899cbe7ef6452ed28bfdc393a21f6dfdf33627059a573c2762052393', 'eb0fe1afd5305dc245734d3e7e615f0a097139838e898fea3137489b8563ccc9', 'a6de27a9428364a552bcdebaf59f1486c5afda24001541b2aaddfc70e274b315', 'c0b30b2279069da4fe45287fc9bd88c5d2bf98e656d79a7e192fc165c2064a95', 'fb16addd27e820948415a2cb5e7a54bc96a0674de95aa3985674e80871224860']"
a21e5240ce34962baef0eaa0704b96e73eaaac0e430bef6cf70baaf18ce9ce77,106,True,[],"['743c828dd77f380861e6c78619449e9b0c2c8c4820f01249b03fc651a15bf9e7', 'ee46d8668aa7dfc081658d267d03935f05cbda96b41d82b9e4c7e31cb9ef870d', '81754deba20917f2530c237693b87775b92e3ae12a580e4d316f484496038ae4', 'd80a612b53f7bd2ee9675010d3afba6609aa16881bd5d7842fdec775e7e385bb', 'b719e78f332085f053c77f36ef68f2e93f246e78aa4d0bc197123f9996c9cb89', '9ed66019617cb02d2fceedce7fada48bd9621579eff7fafd74e2a04f905879ee', '31e4130556757de283690b0b643eebcd22eb1dc134778262c18b4df160783b0d']"
b0be2d1a0d5bb02925e81d5f40ee6b93f79116ddd1a9b6a6a8fe649ca94f0f6b,107,True,[],"['b961f59cd18a6edfc1b775ea9e67433111e456293caf95e98dcfc1e3af8ad898', 'beef7fff11f5a72e71e25551bd17b99a05c407ca91184c5c5c07b19492682515', '496797f433af3bb30c961d956ffa116915e35abb48775d9e6ec74142964fc249', 'dd6af0bcdb1e52d1bd7a62b82b71316633fabe4414af290e0452fc9c0c372588', '723fd94f905522635efc7b7ca95e2ef3ab31d266d0de22c98f58db505e70ebad', '0b43e3608c8af8074216d1991c3e3d552028c59bf0dd4234f7fe30c783c0982c', 'a0cbaf0602841eb96b585d7db44949d049543e59b3d4dc30bdc88fe16aa74e73']"
a38aa3981403ab1e275c3c665156a33814fafa3a1bb02c946163e3b5e02500b5,108,True,[],"['7ad1ed110b6331e2655ff7f4d3f905bb7d57f295e950cac852aa04ee332f6e51', '9c4fbab7386e1eb94d37433f7e54689964eb60d44557ed0dd0319fb8405fd395', '4552cc538f7f67757f6e3003b314a8330ca92bbedb0722ecf0312ab01ddd7a14', '2acd5010df919caf733d10e09cab73988cbaf1347c81c82361ad0f1e9b550c4c', 'ff64cb06f3fb42b5184f6c379c21985b511d6fff4998f21ecfee43bdc426726f', '770df893e1ec00201dc514c17b21f40ec214ab677af8ea8d2144ab152ac1a811', '91b7cd095b6f8b927c6bbe7faf265f1f06f55551334a9a13e94d23fad53799ac', '9d6fc6561134ff281201c220977e2f95ad84ad7c61b941b855a7bb81a52916fe']"
bccfd57fb430f964bba068ef057bc9e1171cc85eefb8bc7788e8296f7db20422,109,True,[],"['1d4c641adaf111762f5fa4f2be4edd63b662145f94c5ad1fed810a1220103269', 'e68275079dc7598e364694520ab4cb3b476e279ca78a697ab310ec081b1c87e5', 'bd03ab2154bd3de40b4043a2adf4ccd4d2e1faf8a0f50a2dc146567cdb55dabf', '6cb24f5380a7ef6647425aae95d6b8c3a734f9fa985383d96c3fb0126576fa66', '5cf6a53e5e8465b72ac468867645189aca45522ba6f88db13a627ae7e7a66c66', '21c0ebda6d2af255794fa0f5a642ab9f9ed6048fbea270b0fce5225d711bd0e6', 'b974e8c2302bd931d9c07c3bf08de6e38de63852f6edb6adb7032d66abd06292', '2ad45f5748d62e4509af1d15889213e54ff38e712ed7495e2384c4d37c73f895']"
7f7bf73e2da48f16f17b2d5c81fe9e581e5a7ac6ed552da3015660baeda9f698,110,True,[],"['eab03067870349139bee7eab2ca2e030a6bb73d4f68ab6a3b6ca937214054cda', '8bbe23b57ea9bae53f12da93bb57bf8a2e40598d9fccd10c2921576e987d93cd', '468738e391f07c4f2b356f7957160968e0bfef6e907c3cee2d8c23cbf04b0896', '5a0f41f063e195a966051e3a29e17130a9ce97d48f55285b9bb04bdd55a09ae7', 'd0f26169290450fe17e08974789c3458910b4db18361cdc564f8f2d0bdd2cf56', 'd6f3483ec45505cc3be841046c7a12bf953ac973939bc7b727e54258e1881d4d', 'dae6dfb16d3e28aaaf43e00170b90606b36f35f38f8a3dceb5ee18199dd8f17c', '385d7e57a4daba4cdd9e550a92dcc188838386e7581f13f09de796cbed4716a4']"
beb76a82ea17400cd6d7f595f70e1667d2018ed8f5a78d1ce07484222618c3cd,110,False,['f254220bb50d901a5523eaed438af5d43f8c6d0e54ba0632eb539884f6b7c020'],"['f9c7cf807ae74e56f4ec84db2bd93cfb02c2249b38e306f5b54b6e05d00d543b', 'b6abb84e00f47f0a72e37b6b29392d906a38468404c57db3dbc5e8dd306a27a8', 'cfc40a86723e7d459e90e45d47818dc0e81a1f451ace5137a4af8110a89a35ea', '6b19c796338607d5a2c1ba240a167134142d72d1640ef07902da64fed0b10cfc', '1f6f655254fee84161118b32e7b6f8c31de5eb88aa00c29a8f57c0d1f95a24dd', '3321af593163cea2ae37168ab926efd87f195756e3b723e886bdb7e618f751c4', '95ed2b08d1cf44482ae0060a5dcc4b7d810a85dea8c62e274f73862f3d59f8ed', 'dc50f2f28d7ceecd9a1147f7106c8d5b4e08b2ec77150f52dd7130ee4f5f50d4']"
5b37cef76e3ac226ce437509d2da1d7fbf6841b8b31f72ef4bb2101a3b757c05,111,True,[],"['be76deb845c431f2ed9a4862457654b914003693b8cd672abc935f0d97b16380', '91819f2873e3efbae65ecd5a736f5e8a26318b591c21e39a03fb536520ac63ba', '439a10fde02e39e48e0b31e57cc084a07eedbefb8cbea0143aedd0442b189caa', '27b84449de4cd7a48cbdce8974baf0b6646e03384e32055e705c243a86bef8a5', 'fa7bd15e4e7e884307ab130bb9d50e33c5fcea6546042a26f948efd5952459ee', '8695583dbb8f8faab87e3ef3f88fa827db097bbf51761d91924f5c5b74c66317', '79d2f247b54690e3b491e488acff16014a825fd740c23988a25df7c4670c1f25', '2599dfa3f8788b66295051d85937816e1c320cdb347a0fba5219e3fe60c83b24']"
e92956c14a1e13388bb905bb8001884c8007a4615fce07c6d70cd6b462a5cd66,112,True,[],"['987e4c6d0f0db4bcd99e76cf4c6f4e08e386f29db1d128aceab4b53e14c670e6', '5922869bb3b1aae56598f095b56a4675c20b793a79b8f18aa189673be822946e', '71d6ffcc1886fe69f2f0ffa9fbac68ab01d602bfe8361242092807d4d55f7fa2', 'e31b7b984635e8975dc3e7b098b782de943bd860d71b66a104deafd709ae5980', '0b76dc40cf0cfd86aea128549db7fefb7fbe026e11e76238052f8e74f9d8d91b', '6101aed97606f9f558f15a25ed18e425cb2a92911c4e816c3179738cf51e79ac', '5bc16c5814be1232cce121cbdf736d649456b6d9e60ce35a2035012e2a0dcce8']"
1ad04c3db2cd89c23741e6ce5b334b6bee21ccdac64a9321532b5aa403992782,113,True,[],"['4a9643d573b915ea20cfa6cf8ccf38f1353b2ce94f4744baa89821033ae40381', '05145d320e4be1c7bf9da23671371d890e4bd9a9cd685fd5b3e90996e0adf864', 'f2f9cedc89b99d810a3e98724538ebcbe32720899d4494afa71de75b0a76a0ea', 'fecd77305acdeb84f2b6fc81f696c188c2a178e199cb1bf5a998d52d65e36c06', '41c5ca5ad6e692f0833a26de1f0e10fd6d15b0520fe98788299a04494f753b9c', 'acdd2608138bab60c3f2b763c663cff6fd0ccfb44f2e9a0617679fdc179a9535', '2f4dfa4b1f5cc6c7853bc9ab8d6a7804e8967f8066ed11e13a246e92fe343863']"
387bb31060a96dca6e22fa1a4e24823267fc8e14165bf16d9286ef52b5a88972,114,True,[],"['65a97ff9a185361ea7708ad1d661c323e82281128fcc1331eda39942714a697e', '819256af52dbb5fab5c8131977c168bbebe06495197f9811e4d1290887ab4010', 'f541e79fff76fd921aaf62e205a446a2587f3db744bb9b4d4d1ce8f7c3f9d9e9', '5146cc65aedf2982026add266c993a84dcd0ed703ca50ace4105b3b9c76fda36', '8533c8c81dc3dda4a546a759a26295610303debb891f4a4bd6b4536bc917ae19', 'cdfa53397806788ff08f58d9ed34ed129bfe73ca43f53e0945226773d565371b', 'c2bcfc038fd6cb29af1ae69b8dc2cd2c626196ad5a376d4410ecf6ac13b1169a', '085ebf59018d4455f2b347674385e72f7abfcb2a8b30af73c7ec08d906205b66']"
1ba855ca320f71abc52f59184c292cefdbe57ae37bb5c5250c2359937210d750,115,True,[],"['f20d2783e7b67218c06c6db4f8338431396cfbb41f43e0bbd3c9d3a34d0278b1', '926837b8b92015cb3baf7e1258510959652b795d6eca6ac4eab3f62d56320673', '45c63619f547bdebc0c87d2dfc18f4acdc345a6087c0038c49fc640c39612c8a', '0afe7339713caf6e0bd07bddeddf18514a0c9510f620a7e2be27e7a047d31f0e', 'd0ac13e060034673d532dafb781f3d57c23751da5b244288fc8042099c1ae41a', '5fd943533ad470fe0a83d38b43e1206a956cc806cf62e89f62640339e9d15220', '112be990970f6e35f426750c5eb1b132ed542b841621f183fa934f3efb26b6ea', 'cd73f6ebe6d093ee7158ce4d1f53635325636d9aa7ddea489850dff7db6355f0']"
34cd38586b1287474f471b519d6159941f81893ec9456bec9e673b21071f85ad,116,True,[],"['0541ad46845f20f7038870c7960354b60245f5c8f50f227910d9cd6a2bb3ee02', 'cc9ec661663bf3a7c32de31fef19616f80a8e7827bd43980c9696ffca91cc8ad', '566efcdc0168a634604e73d763d7d88d670864ffa34b9bb1cd8176890e1101f0', 'dd9d982e6eccd2715b63c4bdd4bdcd8fa3701bc20c7930a6ce8a4918f4a62cc8', '6894330b200695b2a286d939a119fce1e661937746b650963821bae914cc9762', '200bd338b8ddd88c1db5c2e38e8378509504d127a6700ba0abb82eaacdc01da6', 'eb0d62ab786dd086167df01169e9cc4585882ed6db6129524ff59374d3900132', 'a5227f9d8e06aaedbc3d2b0432cb2c664ff9a4da141d4abcf79adc8b25ae1a08']"
6c8ee235e81f51d3651222f7354f3e73ec0a2edc7af8e88a26641c842f90e9ca,117,True,[],"['bd0a131a9730579fe83fa650f13469d687ba36ae764439783cbef87dc297d40f', '67a3cb26705ff3f816e31056b538be588ea1d515d00f97cb2d1d00a1ecce91a9', 'e27c572bee9225b53e8a0328300dcf8bdf9edf57fdb613d25f38921b0210d435', 'a6035b18e26dd5e6d38045eda236a88bf95b673d05a5850d12dc86cce59ed7b8', '5e0a8b846213838fc404a0e9e76d75ff365f180319e53da811a3715f3bf972b2', '72be72ab0fcb0e6ce0fcc9eab10d000ebc3c266d9701b0ee598c37203693bad6', '50bf360002fedb174dc6864e9873c52a4739509ad116b027e78c47ff1bff994b', 'aa09b1f8331479d7f5d9968b8af4c73bbc37423fb6cd2db651dbc9e90c332033']"
a690f0d8dedc531d5b561146533254a0a09d8def9c409f7ebdc45f0e1f478904,118,True,[],"['4b839a55eab990a274b0ed95c8276b46fc91fc8b281b196bdac213b1e7422d79', '90bd5a6ff5f53bfc01a442f94b526e7fc916d8f52d9d3bf1d4e6a77e77704133', 'b06bbf11b424bc23406d00856b503d701e75f3276e5b3bed9cc873a7838e0548', 'd0db329d484fc604d5824cdcf627685b0307b8fd3a1df2feb81aff064510252f', '8d77c519a38adf953c7a102ee57a1bf9862ec74159ac1d7900298696b8448546', '5f9102da64a7d0ebaeea785079074273b3f10fefb9689da7ade7f224a08e3b40', '3484a15bc57063effb99b82baf34a898c9c496a86b141328e1cdcfa2a648d6ac']"
3d37559d1b98ac9836715368a12fb7ede3443631a78f2a0d088a4bb0fab0f360,119,True,[],"['6c475cd0daf98f0e347f6beaa83939ab798c017fca9e340f372d41c8031621d0', 'e2f3becceb4ff7c94dc1d11cf4d29cb4ad6717fcda41db9c6d7950646bd5f4f8', '0104283cb6e57d87d0823147edfa33cca9329de406c46018d229872dac092879', '4a9d965eda9352ced305f163b508cb31cb1adcddd0010214c0c34bf0b0ba5ff1', '830d3db3d2b2d9b27eca41a85f91580481ad16a46ff971679f99e1783bf2200a', '0f463fffed6ac6555cb6d6c925a0990b7b7ce2cd8e1e8e7f1567683362451b62', '3c2ed56b32a6b6725c4220abe6dd7d87c0858a991c7ddd647b4601f06cda963c', '6d192e9534841a468565a00a53190af0441479dfbf3aa53ebbd6eb234c63b7b9']"
76f5c5e94f3f8528bb0887916742a682bb95a9b2b5f18b5f424aa47f7f13e56f,120,True,[],"['dd42cbcf4bc002f803a76c089a202dde629598d820436a32ab4267ff26f989a0', 'e56c49a06157ee2ee46e4a03541859bfc2d126f73f9538891480353de82962be', '5fad85bb3689ce0c7fbbf40bfc2bbd3235f2a23bd7a72e40fa4b6ddfcbfddb4e', '14270105c60b58380246c8a4814b246ffa76291aaa73355c5d948d4ac3db5502', '71c0c9e10ccab6edbee721eafd1bae46139e521a25412fb790cdb565dd4fc6b5', 'b7966f7cb214e51ef3c5322f19f31f74ad0e5f107b7094a8dc6e94a771e31681', '27ed9cabc0fb288eff735c9222c89a078f71bf9e42efc6c1d01338e6cf367c7c', '028c2be13a26678831e04994501cc36007042dc59d9ca0e9e0cc4c8734b6e164']"
