blk_height, tx_hash, ki, count,
327625,06dfb085e0f5de4cc10b5ab134f06b8c5285887a5cb53c155ec52330887576fd,42969704d33bb76decb429235ea8778b4c92e0584afb8a8c680fd62702299c9f,2
327625,06dfb085e0f5de4cc10b5ab134f06b8c5285887a5cb53c155ec52330887576fd,77b9837410e479f9b2a984367baa3ff3fe7cb43f59bf4ed9b2813bf7f7d878c4,2
327625,06dfb085e0f5de4cc10b5ab134f06b8c5285887a5cb53c155ec52330887576fd,2489be67a41f1908d659a7af7042146bfa1f303d0450d82599048d134649f0f8,2
336253,3c0efdde507e71ad946cf41bc978df9b350389260555fc895e8fd09ff0ef6a87,b27a06b58e6006821c6369e6870970a8942b20c35a70bba45a86b3e2a5adb653,2
336253,3c0efdde507e71ad946cf41bc978df9b350389260555fc895e8fd09ff0ef6a87,3a6e6af7f2e6aac248314fb53a5357e041cbcd76ea10ecd1648017f9bd9eec7e,2
336253,3c0efdde507e71ad946cf41bc978df9b350389260555fc895e8fd09ff0ef6a87,5820895d6d962ff63a23e9a0ee85b9e9f0fb13c359c214e79f5c406665301d08,2
336253,3c0efdde507e71ad946cf41bc978df9b350389260555fc895e8fd09ff0ef6a87,8123b79f5dcfbdf1e5907d17731354d489b0536fca237f12bf230c2d804331db,2
336253,3c0efdde507e71ad946cf41bc978df9b350389260555fc895e8fd09ff0ef6a87,e7b5eb7bf82eb6fd8e939589597a274a2c22dd9cc9a5e47d6d53cb1ecd29c341,2
336253,3c0efdde507e71ad946cf41bc978df9b350389260555fc895e8fd09ff0ef6a87,184b24a940f953b47bb2a13b7f997eaef0cd1ee47641cfc02e1a84eb775ae5ca,2
336253,3c0efdde507e71ad946cf41bc978df9b350389260555fc895e8fd09ff0ef6a87,1580b1c7d35fef641cf4c664d7bba0dad36775c9327a145297c504c3f4dec6b6,2
336253,3c0efdde507e71ad946cf41bc978df9b350389260555fc895e8fd09ff0ef6a87,c5f6e7dee443e5564d930e480a902da858827bd7269ee519269153ce07cd0eb9,2
